-- phpMyAdmin SQL Dump
-- version 5.1.1
-- https://www.phpmyadmin.net/
--
-- Host: 127.0.0.1
-- Generation Time: Apr 24, 2022 at 08:39 AM
-- Server version: 10.4.22-MariaDB
-- PHP Version: 7.4.26

SET SQL_MODE = "NO_AUTO_VALUE_ON_ZERO";
START TRANSACTION;
SET time_zone = "+00:00";


/*!40101 SET @OLD_CHARACTER_SET_CLIENT=@@CHARACTER_SET_CLIENT */;
/*!40101 SET @OLD_CHARACTER_SET_RESULTS=@@CHARACTER_SET_RESULTS */;
/*!40101 SET @OLD_COLLATION_CONNECTION=@@COLLATION_CONNECTION */;
/*!40101 SET NAMES utf8mb4 */;

--
-- Database: `nienluan_noithat`
--

-- --------------------------------------------------------

--
-- Table structure for table `admin`
--

CREATE TABLE `admin` (
  `ma_admin` int(11) NOT NULL,
  `ten_admin` varchar(100) COLLATE utf8mb4_unicode_ci NOT NULL,
  `user_admin` varchar(100) COLLATE utf8mb4_unicode_ci NOT NULL,
  `pass_admin` varchar(100) COLLATE utf8mb4_unicode_ci NOT NULL,
  `email_admin` varchar(100) COLLATE utf8mb4_unicode_ci NOT NULL,
  `sdt` varchar(10) COLLATE utf8mb4_unicode_ci NOT NULL
) ENGINE=InnoDB DEFAULT CHARSET=utf8mb4 COLLATE=utf8mb4_unicode_ci;

--
-- Dumping data for table `admin`
--

INSERT INTO `admin` (`ma_admin`, `ten_admin`, `user_admin`, `pass_admin`, `email_admin`, `sdt`) VALUES
(1, 'Diểm Trinh', 'diemtrinh', '740e29ad5577372664c5316e059a00b0', 'trinhb1910319@student.ctu.edu.vn', '0824955654');

-- --------------------------------------------------------

--
-- Table structure for table `binhluan`
--

CREATE TABLE `binhluan` (
  `ma_binhluan` int(11) NOT NULL,
  `ma_nguoidung` int(11) NOT NULL,
  `noidung_binhluan` text COLLATE utf8mb4_unicode_ci NOT NULL,
  `ma_sanpham` int(11) NOT NULL,
  `thoigian_binhluan` timestamp NOT NULL DEFAULT current_timestamp()
) ENGINE=InnoDB DEFAULT CHARSET=utf8mb4 COLLATE=utf8mb4_unicode_ci;

--
-- Dumping data for table `binhluan`
--

INSERT INTO `binhluan` (`ma_binhluan`, `ma_nguoidung`, `noidung_binhluan`, `ma_sanpham`, `thoigian_binhluan`) VALUES
(32, 11, 'Sản phẩm chất lượng', 27, '2022-04-06 04:42:47');

-- --------------------------------------------------------

--
-- Table structure for table `bosuutap`
--

CREATE TABLE `bosuutap` (
  `ma_bosuutap` int(11) NOT NULL,
  `ten_bosuutap` varchar(100) COLLATE utf8mb4_unicode_ci NOT NULL,
  `bosuutap_cha` int(11) NOT NULL
) ENGINE=InnoDB DEFAULT CHARSET=utf8mb4 COLLATE=utf8mb4_unicode_ci;

--
-- Dumping data for table `bosuutap`
--

INSERT INTO `bosuutap` (`ma_bosuutap`, `ten_bosuutap`, `bosuutap_cha`) VALUES
(12, 'Bộ sưu tập', 0),
(13, 'Sofa', 12),
(14, 'Connemara', 13),
(15, 'Sacramento', 13),
(16, 'Simpson', 13),
(17, 'Bumblebee', 13),
(18, 'Shibuya', 13),
(19, 'Combo giá tốt', 12),
(20, 'Bộ bàn &amp; ghế ăn', 19),
(21, 'Bộ ấm &amp; tách trà', 19),
(22, 'Bộ vỏ chăn gối', 19),
(23, 'Tiện ích sắp xếp', 12),
(24, 'Rebel', 23),
(25, 'Lipizzan', 23),
(26, 'Eden', 23),
(27, 'Cirocco', 23),
(28, 'Cherokee', 23),
(29, 'Đồ trang trí', 12),
(30, 'Honolulu', 29),
(32, 'Shelly', 29),
(33, 'Urban', 29),
(34, 'Đồ dùng bàn ăn', 12),
(35, 'Napa', 34),
(36, 'Regatta', 34),
(37, 'Luxor', 34),
(38, 'Maritime', 34),
(39, 'Clifton', 34);

-- --------------------------------------------------------

--
-- Table structure for table `combo`
--

CREATE TABLE `combo` (
  `ma_combo` int(11) NOT NULL,
  `ma_danhmuc_combo` int(11) NOT NULL,
  `ten_combo` varchar(255) COLLATE utf8mb4_unicode_ci NOT NULL,
  `tomtat_combo` longtext COLLATE utf8mb4_unicode_ci NOT NULL
) ENGINE=InnoDB DEFAULT CHARSET=utf8mb4 COLLATE=utf8mb4_unicode_ci;

--
-- Dumping data for table `combo`
--

INSERT INTO `combo` (`ma_combo`, `ma_danhmuc_combo`, `ten_combo`, `tomtat_combo`) VALUES
(9, 3, 'Phòng khách sofa vải tone màu xám', '<p>Sofa g&oacute;c bọc vải Eden mang đến cảm gi&aacute;c sang trọng v&agrave; gần gũi, kết hợp cũng đồ trang tr&iacute; hiện đại gi&uacute;p nội thất ph&ograve;ng kh&aacute;ch lu&ocirc;n bắt kịp xu hướng thiết kế hiện đại. Một lựa chọn kh&eacute;o l&eacute;o v&agrave; an to&agrave;n cho kh&ocirc;ng gian căn hộ chung cư cao cấp v&agrave; ph&ograve;ng kh&aacute;ch nh&agrave; phố.</p>\r\n'),
(10, 3, 'Phòng khách sofa da sang trọng', '<p>Sofa g&oacute;c bọc da x&aacute;m Opal với thiết kế hiện đại v&agrave; sẽ định h&igrave;nh phong c&aacute;ch sang trọng cho khu vực tiếp kh&aacute;ch. M&agrave;u da x&aacute;m thời thượng c&ugrave;ng đường n&eacute;t vu&ocirc;ng vức nhưng mềm mại kết hợp c&ugrave;ng b&agrave;n nước Opal mặt đ&aacute; cẩm thạch sẽ khẳng định gu thẩm mỹ của bạn. Nội thất ph&ograve;ng kh&aacute;ch hiện đại với sofa da l&agrave; một lựa chọn lu&ocirc;n tinh tế v&agrave; hợp thời.</p>\r\n'),
(11, 3, 'Sofa Maxine Chesterfield – điểm nhấn độc đáo và sang trọng', '<p>Nhắc đến phong c&aacute;ch Chesterfield bạn c&oacute; nghĩ đến một n&eacute;t độc đ&aacute;o, quyến rũ v&agrave; sang trọng của những chiếc ghế da. Sofa Maxine mang vẻ đẹp gần như nguy&ecirc;n bản ấy đến với kh&ocirc;ng gian ph&ograve;ng kh&aacute;ch nh&agrave; bạn: Ghế sofa băng với l&ograve;ng ghế s&acirc;u cho cảm gi&aacute;c như ch&igrave;m ho&agrave;n to&agrave;n v&agrave;o chiếc ghế với độ thư gi&atilde;n tối đa; phần tay vin cao v&agrave; c&aacute;ch điệu với đường n&eacute;t uốn cong. Đặc biệt l&agrave;m n&ecirc;n t&ecirc;n tuổi của d&ograve;ng ghế n&agrave;y phải kể đến c&aacute;c n&uacute;t nhấn độc đ&aacute;o tr&ecirc;n th&acirc;n sofa da cao cấp vừa tinh tế vừa c&aacute; t&iacute;nh.</p>\r\n\r\n<p>Khi được phối hợp c&ugrave;ng c&aacute;c sản phẩn trong bộ sưu tập Maxine như b&agrave;n nước, armchair, ph&ograve;ng kh&aacute;ch của bạn sẽ thật sự sang trọng với chất ri&ecirc;ng cuốn h&uacute;t.</p>\r\n'),
(12, 3, 'Phòng khách xinh xắn cùng sofa Poppy vàng', '&lt;p&gt;K&amp;iacute;ch thước nhỏ nhắn vừa đủ cho 3 người ngồi, kiểu d&amp;aacute;ng hiện đại c&amp;ugrave;ng m&amp;agrave;u sắc tươi tắn, sofa 3 chỗ Poppy sẽ l&amp;agrave; một điểm nhấn th&amp;uacute; vị trong kh&amp;ocirc;ng gian ph&amp;ograve;ng kh&amp;aacute;ch, ph&amp;ograve;ng sinh hoạt. Th&amp;ecirc;m một chiếc ghế bập b&amp;ecirc;nh đ&amp;aacute;ng y&amp;ecirc;u như Lula b&amp;ecirc;n cạnh, bạn c&amp;oacute; thể thư gi&amp;atilde;n đọc s&amp;aacute;ch, xem chương tr&amp;igrave;nh y&amp;ecirc;u th&amp;iacute;ch thật thoải m&amp;aacute;i. Đừng qu&amp;ecirc;n một ch&amp;uacute;t c&amp;acirc;y xanh để c&amp;acirc;n bằng lại m&amp;agrave;u sắc v&amp;agrave; th&amp;ecirc;m phần thi&amp;ecirc;n nhi&amp;ecirc;n tươi tắn nh&amp;eacute;.&lt;/p&gt;'),
(15, 3, 'Phòng khách sofa Penny xanh dương', '<p><span style=\"font-size:13.0pt\"><span style=\"font-family:&quot;Times New Roman&quot;,serif\">Sofa 3 chỗ bọc vải xanh dương Penny sẽ mang đến l&agrave;n gi&oacute; mới tươi tắn v&agrave; m&aacute;t mẻ cho ph&ograve;ng kh&aacute;ch. Với kiểu d&aacute;ng thường thấy của một chiếc sofa băng, Penny nổi bật ở sự mềm mại của lớp đệm ngồi c&ugrave;ng c&aacute;c m&agrave;u sắc tươi mới của m&igrave;nh. Kế hợp c&ugrave;ng armchair Garbo l&agrave; một lựa chọn ho&agrave;n hảo cho ph&ograve;ng kh&aacute;ch</span></span></p>\r\n');

-- --------------------------------------------------------

--
-- Table structure for table `danhmuc_combo`
--

CREATE TABLE `danhmuc_combo` (
  `ma_danhmuc_combo` int(11) NOT NULL,
  `ten_danhmuc_combo` varchar(100) COLLATE utf8mb4_unicode_ci NOT NULL,
  `hinhanh_danhmuc_combo` varchar(255) COLLATE utf8mb4_unicode_ci NOT NULL
) ENGINE=InnoDB DEFAULT CHARSET=utf8mb4 COLLATE=utf8mb4_unicode_ci;

--
-- Dumping data for table `danhmuc_combo`
--

INSERT INTO `danhmuc_combo` (`ma_danhmuc_combo`, `ten_danhmuc_combo`, `hinhanh_danhmuc_combo`) VALUES
(3, 'Phòng khách', 'd894962267 . phong-khach.png'),
(4, 'Phòng ngủ', '3a389035b7 . phong-ngu.png'),
(7, 'Phòng ăn', '35557655e8 . phong-an.png');

-- --------------------------------------------------------

--
-- Table structure for table `danhmuc_sanpham`
--

CREATE TABLE `danhmuc_sanpham` (
  `ma_danhmuc` int(11) NOT NULL,
  `ten_danhmuc` varchar(100) COLLATE utf8mb4_unicode_ci NOT NULL,
  `danhmuc_cha` int(11) NOT NULL
) ENGINE=InnoDB DEFAULT CHARSET=utf8mb4 COLLATE=utf8mb4_unicode_ci;

--
-- Dumping data for table `danhmuc_sanpham`
--

INSERT INTO `danhmuc_sanpham` (`ma_danhmuc`, `ten_danhmuc`, `danhmuc_cha`) VALUES
(112, 'Sản phẩm', 0),
(117, 'Nội thất gỗ', 112),
(118, 'Bàn', 117),
(119, 'Ghế', 117),
(120, 'Gương', 117),
(121, 'Bộ bàn ăn', 117),
(122, 'Tủ kệ', 117),
(123, 'Nội thất cho bé', 117),
(124, 'Giường', 117),
(125, 'Sản phẩm gắn tường', 117),
(126, 'Bàn ăn', 118),
(127, 'Bàn cafe', 118),
(128, 'Bàn trang điểm', 118),
(131, 'Bàn làm việc', 118),
(132, 'Ghế ăn', 119),
(133, 'Ghế bậc', 119),
(134, 'Ghê đôn', 119),
(135, 'Ghế ngoài trời', 119),
(136, 'Ghế dài', 119),
(137, 'Ghế đôn ngoài trời', 119),
(138, 'Ghế văn phòng', 119),
(139, 'Gương trang điểm', 120),
(140, 'Gương đứng', 120),
(141, 'Gương treo tường', 120),
(142, 'Bộ bàn &amp; 4 ghế', 121),
(143, 'Bộ bàn &amp; 6 ghế', 121),
(144, 'Bộ bàn &amp; 8 ghế', 121),
(145, 'Bộ bàn ăn gấp gọn', 121),
(146, 'Tủ kính', 122),
(147, 'Tủ bát đĩa', 122),
(148, 'Tủ quần áo', 122),
(149, 'Tủ ngăn kéo', 122),
(150, 'Tủ kệ TV', 122),
(151, 'Tủ kệ giày', 122),
(152, 'Gía treo quần áo', 122),
(153, 'Tủ đầu giường', 122),
(154, 'Kệ sách', 122),
(155, 'Ghế bành trẻ em', 123),
(156, 'Ghế trẻ em', 123),
(157, 'Ghế đôn trẻ em', 123),
(158, 'Bàn trẻ em', 123),
(159, 'Kệ sách trẻ em', 123),
(160, 'Giường 1,2m', 124),
(161, 'Giường 1,6m', 124),
(162, 'Giường 1,8m', 124),
(163, 'Giường tầng', 124),
(164, 'Kệ trang trí', 125),
(165, 'Kệ để mũ', 125),
(166, 'Móc treo đồ', 125),
(167, 'Tủ gắn tường', 125),
(168, 'Kệ gắn tường', 125),
(169, 'Sofa, Ghế thư giãn &amp; Nệm', 112),
(170, 'Sofa', 169),
(171, 'Ghế phòng khách', 169),
(172, 'Nệm', 169),
(173, 'Sofa băng', 170),
(174, 'Sofa giường', 170),
(175, 'Sofa chữ L', 170),
(176, 'Phụ kiện sofa', 170),
(177, 'Ghế thư giãn', 171),
(178, 'Ghế bành', 171),
(179, 'Niệm 1,2m', 172),
(180, 'Niệm 1,6m', 172),
(181, 'Niệm 1,8m', 172),
(182, 'Tấm lót &amp; bảo vệ nệm', 172),
(183, 'Đồ trang trí', 112),
(184, 'Đèn', 183),
(185, 'Hoa và lọ hoa', 183),
(186, 'Vật trang trí', 183),
(187, 'Tinh dầu &amp; túi thơm', 183),
(188, 'Đồng hồ', 183),
(189, 'Khung &amp; tranh ảnh', 183),
(190, 'Nến &amp; chân nến', 183),
(191, 'Đèn bàn', 184),
(192, 'Đèn sàn', 184),
(193, 'Đèn trần', 184),
(194, 'Bóng đèn &amp; sản phẩm điện', 184),
(195, 'Lọ hoa', 185),
(196, 'Hoa giả', 185),
(197, 'Chậu cây giả', 185),
(198, 'Chậu hoa giả', 185),
(199, 'Chậu cây', 185),
(200, 'Sỏi', 186),
(201, 'Tượng', 186),
(202, 'Hoa khô lưu hương', 187),
(203, 'Tinh dầu', 187),
(204, 'Bộ khuếch tán tinh dầu', 187),
(205, 'Lọ đốt tinh dầu', 187),
(206, 'Túi thơm', 187),
(207, 'Đồng hồ báo thức', 188),
(208, 'Đồng hồ để bàn', 188),
(209, 'Đồng hồ treo tường', 188),
(210, 'Khung ảnh', 189),
(211, 'Trang sơn dầu', 189),
(212, 'Tranh kèm khung', 189),
(213, 'Tranh in vải canvas', 189),
(214, 'Nến', 190),
(215, 'Nến trà', 190),
(216, 'Chân nến', 190),
(217, 'Đồ dùng vải', 112),
(218, 'Chăn ga gói', 217),
(219, 'Bộ chăn ga', 218),
(220, 'Chăn', 218),
(221, 'Ga phẳng', 218),
(222, 'Ga chun', 218),
(223, 'Gối ôm', 218),
(224, 'Gói nằm', 218),
(225, 'Đồ dùng vải cho bếp', 217),
(226, 'Tạp dề', 225),
(227, 'Găng tay lò nướng', 225),
(228, 'Bắc nồi', 225),
(230, 'Rèm', 229),
(232, 'Gối lưới &amp; đệm sàn', 217),
(233, 'Gối lưới', 232),
(234, 'Đệm sản', 232),
(235, 'Đệm ngồi', 232),
(236, 'Khăn trải bàn', 217),
(237, 'Khăn trải bàn', 236),
(238, 'Lót ly', 236),
(239, 'Khăn trang trí bàn', 236),
(240, 'Tấm lót bàn ăn', 236),
(241, 'Khăn', 217),
(242, 'Khăn tắm choàng lớn', 241),
(243, 'Khăn tắm', 241),
(244, 'Khăn tay', 241),
(245, 'Gối trang trí', 217),
(246, 'Gối tựa', 245),
(247, 'Vỏ gối trang trí', 245),
(248, 'Thảm', 217),
(249, 'Thảm trải sàn', 248),
(250, 'Thảm phòng tắm', 248),
(251, 'Thảm chùi chân', 248),
(252, 'Dụng cụ nhà bếp', 112),
(253, 'Tiện ích sấp xếp nhà bếp', 252),
(254, 'Kệ nhà bếp', 253),
(255, 'Kệ rượu', 253),
(256, 'Ống dựng muỗng đũa', 253),
(257, 'Cây để giấy cuộn', 253),
(258, 'Gía úp chẽn đĩa', 253),
(259, 'Cốc, tách &amp; Ấm trà', 252),
(260, 'Cốc nước', 259),
(261, 'Tách', 259),
(262, 'Đĩa lót tách', 259),
(263, 'Ấm trà', 259),
(264, 'Bộ ấm trà', 259),
(265, 'Bộ tách và đĩa lót', 259),
(266, 'Bảo quản thực phẩm', 252),
(267, 'Hũ đựng', 266),
(268, 'Hộp đựng', 266),
(269, 'Phục vụ bàn ăn', 252),
(271, 'Bình đựng', 269),
(272, 'Khay đựng thức ăn', 269),
(273, 'Đĩa lớn', 269),
(274, 'Dụng cụ làm bếp', 252),
(275, 'Dụng cụ nấu nướng', 274),
(276, 'Dụng cụ sơ chế', 274),
(277, 'Đĩa, tô chén và muỗng nĩa', 252),
(278, 'Tô, chén', 277),
(279, 'Đĩa', 277),
(280, 'Dao, muỗng, nĩa', 277),
(281, 'Ly', 277),
(282, 'Tiện ích sắp xếp', 112),
(283, 'Sản phẩm lưu trữ', 282),
(284, 'Dụng cụ văn phòng', 283),
(285, 'Hộp &amp; giỏ đựng', 283),
(286, 'Túi phụ kiện', 283),
(287, 'Vật dụng phòng tắm', 282),
(288, 'Bộ dụng cụ phòng tắm', 287),
(313, 'Khây', 287);

-- --------------------------------------------------------

--
-- Table structure for table `donhang`
--

CREATE TABLE `donhang` (
  `ma_donhang` int(11) NOT NULL,
  `ma_sanpham` int(11) NOT NULL,
  `ma_nguoidung` int(11) NOT NULL,
  `soluong_sanpham` int(11) NOT NULL,
  `ghichu_nguoidung` mediumtext COLLATE utf8mb4_unicode_ci NOT NULL,
  `tinhtrang_donhang` int(11) NOT NULL,
  `ngay_dathang` varchar(255) COLLATE utf8mb4_unicode_ci NOT NULL
) ENGINE=InnoDB DEFAULT CHARSET=utf8mb4 COLLATE=utf8mb4_unicode_ci;

--
-- Dumping data for table `donhang`
--

INSERT INTO `donhang` (`ma_donhang`, `ma_sanpham`, `ma_nguoidung`, `soluong_sanpham`, `ghichu_nguoidung`, `tinhtrang_donhang`, `ngay_dathang`) VALUES
(115, 41, 6, 1, '', 2, '2022-03-16 10:27:20'),
(116, 23, 6, 2, '', 2, '2022-03-16 10:27:20'),
(117, 16, 6, 2, '', 2, '2022-03-16 14:28:45'),
(119, 14, 6, 1, '', 2, '2022-03-19 13:41:33'),
(120, 14, 6, 1, '', 2, '2022-03-19 16:13:41'),
(121, 15, 6, 1, '', 2, '2022-03-20 12:47:20'),
(124, 23, 6, 1, '', 1, '2022-03-23 13:28:47'),
(125, 19, 6, 1, '', 1, '2022-03-23 13:28:47'),
(128, 14, 7, 1, '', 1, '2022-03-24 21:22:18'),
(129, 21, 7, 2, '', 1, '2022-03-24 21:22:18'),
(130, 15, 6, 1, '', 1, '2022-03-26 10:18:57'),
(131, 11, 6, 1, '', 1, '2022-03-26 10:18:57'),
(132, 15, 6, 1, '', 2, '2022-03-26 10:18:57'),
(133, 13, 6, 1, '', 1, '2022-03-26 10:59:14'),
(134, 16, 6, 1, '', 1, '2022-03-26 11:18:04'),
(135, 24, 6, 1, '', 2, '2022-03-26 11:18:34'),
(136, 21, 6, 1, '', 2, '2022-03-26 11:18:34'),
(137, 14, 6, 1, '', 2, '2022-03-26 11:47:04'),
(138, 16, 6, 1, '', 2, '2022-03-26 11:47:04'),
(139, 17, 6, 1, '', 2, '2022-03-26 15:07:39'),
(140, 21, 11, 2, '', 2, '2022-03-29 14:27:33'),
(141, 15, 11, 1, '', 1, '2022-03-29 14:29:08'),
(142, 14, 11, 1, '', 1, '2022-03-29 14:29:08'),
(143, 14, 11, 1, '', 1, '2022-03-29 14:29:08'),
(144, 15, 6, 1, '', 1, '2022-04-04 13:26:54'),
(145, 41, 6, 1, '', 1, '2022-04-04 18:50:35'),
(146, 21, 6, 1, '', 1, '2022-04-04 18:50:35'),
(147, 23, 6, 1, '', 1, '2022-04-04 18:50:35'),
(148, 23, 6, 1, '', 1, '2022-04-04 18:50:35'),
(149, 38, 6, 2, '', 1, '2022-04-05 20:47:13'),
(150, 21, 6, 2, '', 2, '2022-04-05 20:47:13'),
(151, 42, 11, 1, '', 1, '2022-04-06 11:27:25'),
(152, 15, 11, 1, '', 1, '2022-04-06 11:27:25'),
(153, 16, 11, 1, '', 2, '2022-04-06 11:27:25'),
(154, 11, 6, 1, '', 2, '2022-04-13 17:52:55'),
(155, 23, 6, 1, '', 2, '2022-04-13 17:52:55'),
(156, 41, 6, 1, '', 2, '2022-04-13 17:52:55'),
(157, 15, 6, 1, '', 0, '2022-04-21 19:59:45'),
(158, 15, 6, 3, '', 1, '2022-04-21 20:00:45');

-- --------------------------------------------------------

--
-- Table structure for table `giohang`
--

CREATE TABLE `giohang` (
  `ma_giohang` int(11) NOT NULL,
  `ma_sanpham` int(11) NOT NULL,
  `ma_session` varchar(255) COLLATE utf8mb4_unicode_ci NOT NULL,
  `soluong_sanpham` int(11) NOT NULL,
  `tinhtrang_giohang` int(11) NOT NULL,
  `ma_khachhang` int(11) NOT NULL
) ENGINE=InnoDB DEFAULT CHARSET=utf8mb4 COLLATE=utf8mb4_unicode_ci;

-- --------------------------------------------------------

--
-- Table structure for table `hinhanh_combo`
--

CREATE TABLE `hinhanh_combo` (
  `ma_hinhanh_combo` int(11) NOT NULL,
  `ma_combo` int(11) NOT NULL,
  `hinhanh_combo` varchar(255) COLLATE utf8mb4_unicode_ci NOT NULL
) ENGINE=InnoDB DEFAULT CHARSET=utf8mb4 COLLATE=utf8mb4_unicode_ci;

--
-- Dumping data for table `hinhanh_combo`
--

INSERT INTO `hinhanh_combo` (`ma_hinhanh_combo`, `ma_combo`, `hinhanh_combo`) VALUES
(1, 9, 'fac9cfb5e3 . sofa-eden-goc-trai.jpg'),
(2, 9, '3a006f5f85 . sofa-eden-goc-trai-3.jpg'),
(3, 9, 'c7b442e1db . sofa-eden-goc-trai-4.jpg'),
(4, 9, 'ec201b3e52 . sofa-eden-goc-trai-5.jpg'),
(5, 10, 'c5aab44825 . 1.jpg'),
(6, 10, '9db1f5393b . 2.jpg'),
(10, 10, '9dbab9aa80 . 3.jpg'),
(11, 11, 'f9cb4486dc . 1.jpg'),
(12, 11, '2d393fabda . 2.jpg'),
(13, 11, '973667758c . 3.jpg'),
(14, 12, 'bf8b6e1f33 . 4.jpg'),
(15, 12, '4a8e30f9c5 . 5.jpg'),
(16, 12, 'a82e0d4e8b . 6.jpg'),
(17, 12, '6897df2811 . 7.jpg'),
(20, 15, '4111cebf90 . 1.jpg'),
(21, 15, 'a4020557a4 . 2.jpg'),
(22, 15, 'd332cc0ed4 . 3.jpg');

-- --------------------------------------------------------

--
-- Table structure for table `hinhanh_sanpham`
--

CREATE TABLE `hinhanh_sanpham` (
  `ma_hinhanh` int(11) NOT NULL,
  `hinhanh` varchar(255) COLLATE utf8mb4_unicode_ci NOT NULL,
  `ma_sanpham` int(11) NOT NULL
) ENGINE=InnoDB DEFAULT CHARSET=utf8mb4 COLLATE=utf8mb4_unicode_ci;

--
-- Dumping data for table `hinhanh_sanpham`
--

INSERT INTO `hinhanh_sanpham` (`ma_hinhanh`, `hinhanh`, `ma_sanpham`) VALUES
(17, '664d665045 . 2-removebg-preview.png', 10),
(18, '57b3ead1b1 . 1.jpg', 10),
(19, 'd089aa4a90 . 4-removebg-preview.png', 11),
(20, '59b14f2aa9 . 3.jpg', 11),
(21, '6393371730 . 5.jpg', 11),
(22, '26aad333c4 . 6-removebg-preview.png', 12),
(23, '1868380cba . 7.jpg', 12),
(24, '1066cbdabc . 8.jpg', 12),
(25, '2d7f04a385 . 9.jpg', 12),
(26, 'a3fce28129 . 10-removebg-preview.png', 13),
(27, '8ce7d22ea9 . 11.jpg', 13),
(28, 'b34036d306 . 12.jpg', 13),
(29, '191cf0a919 . 13.jpg', 13),
(30, '5cecd88c81 . 14-removebg-preview.png', 14),
(31, '156a5b3f73 . 15.jpg', 14),
(32, '87a4b2c6f7 . 16.jpg', 14),
(33, 'bba3dfbc3f . 17.jpg', 14),
(34, 'a32e112480 . 18-removebg-preview.png', 15),
(35, 'aedc04ca65 . 19.jpg', 15),
(36, '7a35f89f82 . 20.jpg', 15),
(37, '78535e38a7 . 21.jpg', 15),
(38, '0c2089791a . 22.jpg', 15),
(39, '7ef980dcfb . 1-removebg-preview.png', 15),
(40, '8233eb4f80 . 2.jpg', 15),
(41, '0dc9733b83 . 3.jpg', 15),
(42, '38745ac56f . 4.jpg', 15),
(43, '6710c290f4 . 5.jpg', 15),
(44, '1e75463b57 . 6-removebg-preview.png', 16),
(45, 'e53c9a5243 . 7.jpg', 16),
(46, '82e594c845 . 8-removebg-preview.png', 17),
(47, '150e88998b . 9.png', 17),
(48, '0d88baeb76 . 10.jpg', 17),
(53, 'de9a5d65c6 . 2.png', 19),
(54, 'bf5a384ef6 . 3.jpg', 19),
(55, '621c7b54cd . 4.1.png', 20),
(56, '7967a0e0da . 5.jpg', 20),
(57, '100f2b2143 . 6.jpg', 20),
(58, '0ddef1e323 . 7-removebg-preview.png', 21),
(59, 'e8a8e8ee1d . 8.jpg', 21),
(60, '2d54b1fce8 . 9.jpg', 21),
(61, 'e387a3432b . 10.jpg', 21),
(62, 'be205bc2ed . 11-removebg-preview.png', 22),
(63, 'bd84c8e119 . 12.jpg', 22),
(64, 'f38635aa4d . 13.jpg', 22),
(65, 'aecbd0a44c . 14.png', 23),
(66, 'd306e24d46 . 15.jpg', 23),
(67, '12aa6436d6 . 16.jpg', 23),
(68, 'b3eb49c5ce . 17.jpg', 23),
(69, 'd61ec2e6e5 . 18.jpg', 23),
(70, '325fa6c943 . 19-removebg-preview.png', 24),
(71, 'd867be8a8e . 20.jpg', 24),
(72, 'a6494caa75 . 21-removebg-preview.png', 25),
(73, '41943f69db . 22.jpg', 25),
(74, '42b4c7d57e . 23.jpg', 25),
(75, '6a2add805d . 24-removebg-preview.png', 26),
(76, '0d7bc952ae . 25.jpg', 26),
(77, '5b6d9c4c71 . 26.jpg', 26),
(78, '3d1d2d08e7 . 27.jpg', 26),
(79, 'aa068d70c6 . 28-removebg-preview.png', 27),
(80, '321e42f1f2 . 29.jpg', 27),
(81, '8b0d9c3b40 . 30.jpg', 27),
(82, 'ae8abc73a6 . 31.jpg', 27),
(83, 'faebe6d409 . 32.jpg', 27),
(84, 'c1a98a211d . 33-removebg-preview.png', 28),
(85, '9d535c8705 . 1-removebg-preview.png', 29),
(86, '14a76bda0f . 2.jpg', 29),
(87, '94012d0035 . 3-removebg-preview.png', 30),
(88, '50abac64b2 . 4.jpg', 30),
(89, 'b7d1c5a2d2 . 5.jpg', 30),
(90, 'de9366ae81 . 6.jpg', 30),
(91, '0436d08c06 . 7-removebg-preview.png', 31),
(92, 'd5f0a3f051 . 8.jpg', 31),
(93, 'a027c28490 . 9.jpg', 31),
(94, '3dfb1bdc6c . 10.jpg', 31),
(95, '25e9a4c10d . 11.jpg', 31),
(96, '2c87869b73 . 12.jpg', 31),
(97, 'aa8c7da075 . 13-removebg-preview.png', 32),
(98, 'e3bf357af5 . 14.jpg', 32),
(99, '8bdbd8cb7d . 15.jpg', 32),
(100, '5c0d3b4322 . 16-removebg-preview.png', 33),
(101, 'cdd659d678 . 17.jpg', 33),
(102, '2273da10bc . 18.jpg', 33),
(103, 'e4202b79b1 . 19-removebg-preview.png', 34),
(104, '429edded1c . 20.jpg', 34),
(105, '9f94298bff . 21.jpg', 34),
(106, 'e99891c8f4 . 22.jpg', 34),
(107, '3e41f9a278 . 23-removebg-preview.png', 35),
(108, 'abd66768db . 24.jpg', 35),
(109, '169b11ab6d . 25-removebg-preview.png', 36),
(110, '170a0a1c88 . 26.jpg', 36),
(111, 'd2625414db . 27-removebg-preview.png', 37),
(112, '9943748f35 . 28.jpg', 37),
(113, '55fcdca164 . 29-removebg-preview.png', 38),
(114, '27ca446196 . 30.jpg', 38),
(115, '2c5053c088 . 31.jpg', 38),
(116, 'ba3b37c495 . 32.jpg', 38),
(117, '35195f374b . 33.jpg', 38),
(118, 'ad1f4aebc7 . 34.jpg', 38),
(119, '82690adfd1 . 35.jpg', 38),
(120, 'fa10690ce0 . 7-removebg-preview.png', 41),
(121, '6e54f80f7e . 8.jpg', 41),
(122, 'e357d327c0 . 9.jpg', 41),
(123, 'b4d442bad6 . 10.jpg', 41),
(124, 'd13b33b11e . 10-removebg-preview.png', 42),
(125, '052fe81db6 . 11.jpg', 42),
(126, '484882ec3d . 12-removebg-preview.png', 43),
(127, '2c3bdb945d . 13.jpg', 43),
(129, '3b0173592a . 4-removebg-preview.png', 46),
(130, '2b566886f6 . 5.jpg', 46),
(131, '6d6c8b4cc0 . 6.jpg', 46),
(133, 'df9b41245c . 7.jpg', 46);

-- --------------------------------------------------------

--
-- Table structure for table `huyen`
--

CREATE TABLE `huyen` (
  `ma_huyen` int(11) NOT NULL,
  `ten_huyen` varchar(100) COLLATE utf8mb4_unicode_ci NOT NULL,
  `ma_tinh` int(11) NOT NULL
) ENGINE=InnoDB DEFAULT CHARSET=utf8mb4 COLLATE=utf8mb4_unicode_ci;

--
-- Dumping data for table `huyen`
--

INSERT INTO `huyen` (`ma_huyen`, `ten_huyen`, `ma_tinh`) VALUES
(11, 'Quận Ba Đình', 8),
(12, 'Quận Hoàn Kiếm', 8),
(13, 'Quận Tây Hồ', 8),
(14, 'Quận Long Biên', 8),
(15, 'Quận Cầu Giấy', 8),
(16, 'Quận Đống Đa', 8),
(17, 'Quận Hai Bà Trưng', 8),
(18, 'Quận Hoàng Mai', 8),
(19, 'Quận Thanh Xuân', 8),
(20, 'Huyện Sóc Sơn', 8),
(21, 'Huyện Đông Anh', 8),
(22, 'Huyện Gia Lâm', 8),
(23, 'Quận Nam Từ Liêm', 8),
(24, 'Huyện Thanh Trì', 8),
(25, 'Quận Bắc Từ Liêm', 8),
(26, 'Huyện Mê Linh', 8),
(27, 'Quận Hà Đông', 8),
(28, 'Thị xã Sơn Tây', 8),
(29, 'Huyện Ba Vì', 8),
(30, 'Huyện Phúc Thọ', 8),
(31, 'Huyện Đan Phượng', 8),
(32, 'Huyện Hoài Đức', 8),
(33, 'Huyện Quốc Oai', 8),
(34, 'Huyện Thạch Thất', 8),
(35, 'Huyện Chương Mỹ', 8),
(36, 'Huyện Thanh Oai', 8),
(37, 'Huyện Thường Tín', 8),
(38, 'Huyện Phú Xuyên', 8),
(39, 'Huyện Ứng Hòa', 8),
(40, 'Huyện Mỹ Đức', 8),
(41, 'Thành phố Hà Giang', 9),
(42, 'Huyện Đồng Văn', 9),
(43, 'Huyện Mèo Vạc', 9),
(44, 'Huyện Yên Minh', 9),
(45, 'Huyện Quản Bạ', 9),
(46, 'Huyện Vị Xuyên', 9),
(47, 'Huyện Bắc Mê', 9),
(48, 'Huyện Hoàng Su Phì', 9),
(49, 'Huyện Xín Mần', 9),
(50, 'Huyện Bắc Quang', 9),
(51, 'Huyện Quang Bình', 9),
(52, 'Thành phố Cao Bằng', 10),
(53, 'Huyện Bảo Lâm', 10),
(54, 'Huyện Bảo Lạc', 10),
(55, 'Huyện Hà Quảng', 10),
(56, 'Huyện Trùng Khánh', 10),
(57, 'Huyện Hạ Lang', 10),
(58, 'Huyện Quảng Hòa', 10),
(59, 'Huyện Hoà An', 10),
(60, 'Huyện Nguyên Bình', 10),
(61, 'Huyện Thạch An', 10),
(62, 'Thành Phố Bắc Kạn', 11),
(63, 'Huyện Pác Nặm', 11),
(64, 'Huyện Ba Bể', 11),
(65, 'Huyện Ngân Sơn', 11),
(66, 'Huyện Bạch Thông', 11),
(67, 'Huyện Chợ Đồn', 11),
(68, 'Huyện Chợ Mới', 11),
(69, 'Huyện Na Rì', 11),
(70, 'Thành phố Tuyên Quang', 12),
(71, 'Huyện Lâm Bình', 12),
(72, 'Huyện Na Hang', 12),
(73, 'Huyện Chiêm Hóa', 12),
(74, 'Huyện Hàm Yên', 12),
(75, 'Huyện Yên Sơn', 12),
(76, 'Huyện Sơn Dương', 12),
(77, 'Thành phố Lào Cai', 13),
(78, 'Huyện Bát Xát', 13),
(79, 'Huyện Mường Khương', 13),
(80, 'Huyện Si Ma Cai', 13),
(81, 'Huyện Bắc Hà', 13),
(82, 'Huyện Bảo Thắng', 13),
(83, 'Huyện Bảo Yên', 13),
(84, 'Thị xã Sa Pa', 13),
(85, 'Huyện Văn Bàn', 13),
(86, 'Thành phố Điện Biên Phủ', 14),
(87, 'Thị Xã Mường Lay', 14),
(88, 'Huyện Mường Nhé', 14),
(89, 'Huyện Mường Chà', 14),
(90, 'Huyện Tủa Chùa', 14),
(91, 'Huyện Tuần Giáo', 14),
(92, 'Huyện Điện Biên', 14),
(93, 'Huyện Điện Biên Đông', 14),
(94, 'Huyện Mường Ảng', 14),
(95, 'Huyện Nậm Pồ', 14),
(96, 'Thành phố Lai Châu', 15),
(97, 'Huyện Tam Đường', 15),
(98, 'Huyện Mường Tè', 15),
(99, 'Huyện Sìn Hồ', 15),
(100, 'Huyện Phong Thổ', 15),
(101, 'Huyện Than Uyên', 15),
(102, 'Huyện Tân Uyên', 15),
(103, 'Huyện Nậm Nhùn', 15),
(104, 'Thành phố Sơn La', 16),
(105, 'Huyện Quỳnh Nhai', 16),
(106, 'Huyện Thuận Châu', 16),
(107, 'Huyện Mường La', 16),
(108, 'Huyện Bắc Yên', 16),
(109, 'Huyện Mộc Châu', 16),
(110, 'Huyện Yên Châu', 16),
(111, 'Huyện Mai Sơn', 16),
(112, 'Huyện Sông Mã', 16),
(113, 'Huyện Sốp Cộp', 16),
(114, 'Huyện Vân Hồ', 16),
(115, 'Thành phố Yên Bái', 17),
(116, 'Thị xã Nghĩa Lộ', 17),
(117, 'Huyện Lục Yên', 17),
(118, 'Huyện Văn Yên', 17),
(119, 'Huyện Mù Căng Chải', 17),
(120, 'Huyện Trấn Yên', 17),
(121, 'Huyện Trạm Tấu', 17),
(122, 'Huyện Văn Chấn', 17),
(123, 'Huyện Yên Bình', 17),
(124, 'Thành phố Hòa Bình', 18),
(125, 'Huyện Đà Bắc', 18),
(126, 'Huyện Lương Sơn', 18),
(127, 'Huyện Kim Bôi', 18),
(128, 'Huyện Cao Phong', 18),
(129, 'Huyện Tân Lạc', 18),
(130, 'Huyện Mai Châu', 18),
(131, 'Huyện Lạc Sơn', 18),
(132, 'Huyện Yên Thủy', 18),
(133, 'Huyện Lạc Thủy', 18),
(134, 'Thành phố Thái Nguyên', 19),
(135, 'Thành phố Sông Công', 19),
(136, 'Huyện Định Hóa', 19),
(137, 'Huyện Phú Lương', 19),
(138, 'Huyện Đồng Hỷ', 19),
(139, 'Huyện Võ Nhai', 19),
(140, 'Huyện Đại Từ', 19),
(141, 'Thị xã Phổ Yên', 19),
(142, 'Huyện Phú Bình', 19),
(143, 'Thành phố Lạng Sơn', 20),
(144, 'Huyện Tràng Định', 20);

-- --------------------------------------------------------

--
-- Table structure for table `luotxem`
--

CREATE TABLE `luotxem` (
  `ma_luotxem` int(11) NOT NULL,
  `ma_sanpham` int(11) NOT NULL,
  `so_luotxem` int(11) NOT NULL
) ENGINE=InnoDB DEFAULT CHARSET=utf8mb4 COLLATE=utf8mb4_unicode_ci;

--
-- Dumping data for table `luotxem`
--

INSERT INTO `luotxem` (`ma_luotxem`, `ma_sanpham`, `so_luotxem`) VALUES
(1, 10, 13),
(2, 21, 28),
(3, 11, 9),
(4, 16, 14),
(5, 13, 5),
(6, 15, 22),
(7, 14, 13),
(8, 23, 9),
(9, 43, 2),
(10, 19, 4),
(11, 24, 4),
(12, 41, 7),
(13, 17, 2),
(14, 38, 3),
(15, 42, 2),
(16, 27, 4),
(17, 22, 2),
(18, 31, 1);

-- --------------------------------------------------------

--
-- Table structure for table `nguoidung`
--

CREATE TABLE `nguoidung` (
  `ma_nguoidung` int(11) NOT NULL,
  `hoten_nguoidung` varchar(100) COLLATE utf8mb4_unicode_ci NOT NULL,
  `sdt_nguoidung` varchar(10) COLLATE utf8mb4_unicode_ci NOT NULL,
  `email_nguoidung` varchar(255) COLLATE utf8mb4_unicode_ci NOT NULL,
  `user_nguoidung` varchar(255) COLLATE utf8mb4_unicode_ci NOT NULL,
  `pass_nguoidung` varchar(255) COLLATE utf8mb4_unicode_ci NOT NULL,
  `tinh_nguoidung` int(11) NOT NULL,
  `huyen_nguoidung` int(11) NOT NULL,
  `xa_nguoidung` int(11) NOT NULL,
  `diachi_nguoidung` varchar(255) COLLATE utf8mb4_unicode_ci NOT NULL
) ENGINE=InnoDB DEFAULT CHARSET=utf8mb4 COLLATE=utf8mb4_unicode_ci;

--
-- Dumping data for table `nguoidung`
--

INSERT INTO `nguoidung` (`ma_nguoidung`, `hoten_nguoidung`, `sdt_nguoidung`, `email_nguoidung`, `user_nguoidung`, `pass_nguoidung`, `tinh_nguoidung`, `huyen_nguoidung`, `xa_nguoidung`, `diachi_nguoidung`) VALUES
(6, 'Diểm Trinh', '0824955654', 'trinhle12012001@gmail.com', 'trinh', '740e29ad5577372664c5316e059a00b0', 1, 1, 1, 'vĩnh long'),
(11, 'LDT', '0000000000', 'trinhb1910319@student.ctu.edu.vn', 'ldt', '9db3800d8026e0f9dd9c3ef0b001a172', 9, 41, 0, 'Vĩnh Long');

-- --------------------------------------------------------

--
-- Table structure for table `phong`
--

CREATE TABLE `phong` (
  `ma_phong` int(11) NOT NULL,
  `ten_phong` varchar(100) COLLATE utf8mb4_unicode_ci NOT NULL
) ENGINE=InnoDB DEFAULT CHARSET=utf8mb4 COLLATE=utf8mb4_unicode_ci;

--
-- Dumping data for table `phong`
--

INSERT INTO `phong` (`ma_phong`, `ten_phong`) VALUES
(9, 'Phòng khách'),
(10, 'Phòng ăn &amp; bếp'),
(11, 'Phòng ngủ'),
(13, 'Phòng tắm'),
(14, 'Phòng trẻ em'),
(18, 'Phòng làm việc');

-- --------------------------------------------------------

--
-- Table structure for table `sanpham`
--

CREATE TABLE `sanpham` (
  `ma_sanpham` int(11) NOT NULL,
  `ten_sanpham` varchar(100) COLLATE utf8mb4_unicode_ci NOT NULL,
  `gia_sanpham` varchar(20) COLLATE utf8mb4_unicode_ci NOT NULL,
  `tongsoluong_sanpham` int(11) NOT NULL,
  `vatlieu_sanpham` varchar(100) COLLATE utf8mb4_unicode_ci NOT NULL,
  `kichthuoc_sanpham` varchar(100) COLLATE utf8mb4_unicode_ci NOT NULL,
  `mausac_sanpham` varchar(100) COLLATE utf8mb4_unicode_ci NOT NULL,
  `tomtat_sanpham` longtext COLLATE utf8mb4_unicode_ci NOT NULL,
  `mota_sanpham` longtext COLLATE utf8mb4_unicode_ci NOT NULL,
  `ma_danhmuc` int(11) NOT NULL,
  `ma_xuatxu` int(11) NOT NULL,
  `ma_phong` int(11) NOT NULL,
  `ma_bosuutap` int(11) NOT NULL,
  `ma_combo` int(11) NOT NULL,
  `loai_sanpham` int(11) NOT NULL
) ENGINE=InnoDB DEFAULT CHARSET=utf8mb4 COLLATE=utf8mb4_unicode_ci;

--
-- Dumping data for table `sanpham`
--

INSERT INTO `sanpham` (`ma_sanpham`, `ten_sanpham`, `gia_sanpham`, `tongsoluong_sanpham`, `vatlieu_sanpham`, `kichthuoc_sanpham`, `mausac_sanpham`, `tomtat_sanpham`, `mota_sanpham`, `ma_danhmuc`, `ma_xuatxu`, `ma_phong`, `ma_bosuutap`, `ma_combo`, `loai_sanpham`) VALUES
(10, 'Bàn ăn 1m8 6 chỗ', '4636000', 55, 'Gỗ Ash (tần bì) đặc tự nhiên nhập khẩu từ Mỹ', 'D1800 - R850 - C710 mm', '', '<p>Kh&ocirc;ng &aacute;p dụng ch&iacute;nh s&aacute;ch đổi trả v&agrave; bảo h&agrave;nh với những sản phẩm CLEARANCE</p>\r\n', '<p>B&agrave;n ăn Elegance với thiết kế truyền thống từ gỗ tần b&igrave; với c&aacute;ch chế tạo đặc biệt gi&uacute;p th&acirc;n b&agrave;n nhẹ nh&agrave;ng nhưng vẫn v&ocirc; c&ugrave;ng vững chắc. C&aacute;c g&oacute;c được bo tr&ograve;n mềm mại đồng bộ với cảm hứng bộ sưu tập. Mặt b&ecirc;n b&agrave;n được ch&uacute; &yacute; với c&aacute;c được đệm tr&aacute;nh va đập giữa ghế v&agrave; th&acirc;n b&agrave;n. B&agrave;n c&oacute; 2 k&iacute;ch thước l&agrave; 1m6 v&agrave; 1m8 dễ d&agrave;ng lựa chọn để ph&ugrave; hợp với kh&ocirc;ng gian.d&aacute;ng của ghế. Ghế Elegance gợi l&ecirc;n vẻ đẹp của một nữ vũ c&ocirc;ng chuy&ecirc;n nghiệp với sự thanh lịch, sang trọng v&agrave; đầy quyến rũ.</p>\r\n', 126, 11, 10, 39, 0, 2),
(11, 'Bàn ăn Jazz 1m6 4 chỗ', '2665000', 61, 'Mặt gỗ sồi tự nhiên ghép - chân sắt sơn tĩnh điện', 'D1600 - R900 - C760 mm', '', '<p>Kh&ocirc;ng &aacute;p dụng ch&iacute;nh s&aacute;ch đổi trả v&agrave; bảo h&agrave;nh với những sản phẩm CLEARANCE</p>\r\n', '<p>B&agrave;n ăn Jazz được gh&eacute;p từ những thanh gỗ sồi gi&agrave; tự nhi&ecirc;n. Bề mặt đặc trưng với những đường nứt t&eacute;t gỗ tự nhi&ecirc;n được xử l&yacute; kh&eacute;o l&eacute;o, kết hợp với ch&acirc;n sắt sơn tĩnh điện đầy mạnh mẽ sẽ mang lại n&eacute;t c&aacute; t&iacute;nh độc đ&aacute;o cho gia chủ.</p>\r\n', 126, 13, 10, 39, 0, 1),
(12, 'Bàn ăn Roma 6 chỗ', '6715000', 10, 'CollectionRomaKích thướcD1800 -R900 - C750 mmVật liệu', 'D1800 -R900 - C750 mm', 'Trắng', '<p>Kh&ocirc;ng &aacute;p dụng ch&iacute;nh s&aacute;ch đổi trả v&agrave; bảo h&agrave;nh với những sản phẩm CLEARANCE</p>\r\n', '<p>B&agrave;n ăn Roma với sự kết hợp của ch&acirc;n gỗ tần b&igrave; v&agrave; bề mặt sơn trắng được xử l&yacute; kh&eacute;o l&eacute;o, thiết kế tinh tế l&agrave; t&acirc;m điểm nổi bật cho ph&ograve;ng ăn hiện đại. Kh&ocirc;ng gian ph&ograve;ng ăn sẽ ho&agrave;n hảo hơn khi kết hợp b&agrave;n ăn với ghế ăn Roma c&ugrave;ng BST.</p>\r\n', 126, 11, 10, 38, 0, 2),
(13, 'Bàn ăn gỗ Miami 1m7', '9115000', 14, 'Gỗ sồi tự nhiên + MDF chống ẩm', 'D1700 - R800 - C760 mm', '', '<p>Kh&ocirc;ng &aacute;p dụng ch&iacute;nh s&aacute;ch đổi trả v&agrave; bảo h&agrave;nh với những sản phẩm CLEARANCE</p>\r\n', '<p>B&agrave;n ăn Miami được l&agrave;m ch&iacute;nh từ v&aacute;n MDF chống ẩm cao cấp, phần dưới được l&agrave;m từ gỗ Sồi trắng nhập khẩu từ Mỹ tạo n&ecirc;n sự chắc chắn cho sản phẩm. Đ&acirc;y l&agrave; sự lựa chọn ho&agrave;n hảo cho kh&ocirc;ng gian ph&ograve;ng ăn mang đậm phong c&aacute;ch Bắc &Acirc;u</p>\r\n', 126, 14, 10, 38, 0, 1),
(14, 'Bàn ăn 8 chỗ Porto M2', '9015000', 46, 'Chân inox màu gold -cạnh bàn ốp inox màu gold -Mặt bàn Gỗ+mdf veneer Oak', 'D1900- R900 - C765 mm', 'Nâu', '<p>Kh&ocirc;ng &aacute;p dụng ch&iacute;nh s&aacute;ch đổi trả v&agrave; bảo h&agrave;nh với những sản phẩm CLEARANCE ( 8 chỗ, Gỗ, DF vener)</p>\r\n', '<p>Sản phẩm&nbsp;<strong>b&agrave;n ăn VERONA</strong>&nbsp;- bầu dục l&agrave; một trong những những thiết kế độc đ&aacute;o của nh&agrave; BAYA. Đ&acirc;y l&agrave; sự kết hợp h&agrave;i h&ograve;a giữa n&eacute;t cổ điển v&agrave; hiện đại, mang tới cho c&aacute;c hộ gia đ&igrave;nh một điểm nhấn độc đ&aacute;o, mới lạ. Bạn h&atilde;y kết hợp&nbsp;<strong>b&agrave;n ăn VERONA</strong>&nbsp;với c&aacute;c mẫu ghế ăn kh&aacute;c trong c&ugrave;ng bộ sưu tập để c&oacute; được một gian bếp ho&agrave;n hảo.</p>\r\n', 126, 12, 10, 37, 0, 1),
(15, 'Bàn ăn Rap 4 chỗ', '8665000', 24, 'Chân gỗ sồi, Mặt MDF Veneer', 'D2000-R1000-C760', '', '<p>Kh&ocirc;ng &aacute;p dụng ch&iacute;nh s&aacute;ch đổi trả v&agrave; bảo h&agrave;nh với những sản phẩm CLEARANCE (Gỗ, MDF vener)</p>\r\n', '<p>B&agrave;n ăn Rap tạo cảm gi&aacute;c th&ocirc; mộc, tự nhi&ecirc;n, với ch&acirc;n gỗ sồi đặc rất chắc chắn. Mặt b&agrave;n ăn l&agrave; điểm nhấn của sản phẩm, tạo ấn tượng th&uacute; vị khi bước v&agrave;o ph&ograve;ng ăn nh&agrave; bạn.</p>\r\n', 126, 11, 10, 37, 0, 2),
(16, 'Bàn ăn mở rộng HC', '15900000', 11, 'Đá cẩm thạch tự nhiên - Thép không rỉ', 'D1600/2200 - R1000 - C755 mm', '', '<p>Kh&ocirc;ng &aacute;p dụng ch&iacute;nh s&aacute;ch đổi trả v&agrave; bảo h&agrave;nh với những sản phẩm CLEARANCE (Da, Mở rộng nhiều chỗ)</p>\r\n', '<p>B&agrave;n ăn mở rộng HC với mặt b&agrave;n l&agrave;m bằng đ&aacute; cẩm thạch tự nhi&ecirc;n, được phủ một lớp nhựa th&ocirc;ng đặc biệt tr&ecirc;n bề mặt để tạo độ b&oacute;ng lấp l&aacute;nh cho sản phẩm đồng thời chống ẩm. Với thiết kế t&ugrave;y chỉnh độ d&agrave;i của b&agrave;n, đ&acirc;y sẽ l&agrave; lựa chọn ho&agrave;n hảo cho kh&ocirc;ng gian ph&ograve;ng ăn hiện đại.</p>\r\n', 126, 11, 10, 36, 0, 1),
(17, 'Bàn ăn Mây 2m2 4 chỗ', '9100000', 39, 'Gỗ tần bì, mây, mặt bàn đá Marble, kính trắng, chân bọc inox mạ gold', 'D2200 - R1000 - C740', '', '<p>Kh&ocirc;ng &aacute;p dụng ch&iacute;nh s&aacute;ch đổi trả v&agrave; bảo h&agrave;nh với những sản phẩm CLEARANCE (2m, Da, K&iacute;nh)</p>\r\n', '<p>B&agrave;n ăn M&acirc;y sử dụng đ&aacute; marble trắng c&ugrave;ng thiết kế đặc biệt với kết cấu ch&acirc;n được đan xen vừa tạo độ vững chắc v&agrave; điểm nhấn cho kh&ocirc;ng gian ph&ograve;ng ăn. Ngo&agrave;i ra, phần k&iacute;nh tr&ecirc;n bề mặt gi&uacute;p ph&ocirc; diễn vẻ đẹp của chất liệu m&acirc;y.</p>\r\n', 126, 14, 10, 36, 0, 1),
(19, 'Bàn nước Elegance ', '23760000', 58, 'Gỗ Ash (tần bì) đặc tự nhiên nhập khẩu từ Mỹ', 'D1200 - R600 - C400 mm', '', '<p>Kh&ocirc;ng &aacute;p dụng ch&iacute;nh s&aacute;ch đổi trả v&agrave; bảo h&agrave;nh với những sản phẩm CLEARANCE</p>\r\n', '<p>B&agrave;n nước Elegance với thiết kế đơn giản nhưng sang trọng v&agrave; tinh tế. Nhờ kết cấu độc đ&aacute;o n&ecirc;n c&oacute; được trọng lượng nhẹ nh&agrave;ng nhưng v&ocirc; c&ugrave;ng chắc chắn. Ph&ugrave; hợp với c&aacute;c kh&ocirc;ng gian nội thất hiện đại v&agrave; đặc biệt l&agrave; phong c&aacute;ch Scandinavian</p>\r\n', 127, 18, 9, 35, 0, 2),
(20, 'Bàn nước  cao cấp Bridge', '29354000', 5, 'Gỗ sồi đặc', 'D1200 - R600 - C400 mm', '', '<p>Kh&ocirc;ng &aacute;p dụng ch&iacute;nh s&aacute;ch đổi trả v&agrave; bảo h&agrave;nh với những sản phẩm CLEARANCE</p>\r\n', '<p>B&agrave;n nước Bridge được thiết kế độc đ&aacute;o với chất liệu ho&agrave;n to&agrave;n l&agrave; gỗ sồi đặc. Kết cấu vững chắc v&agrave; được kết nối th&agrave;nh một khối h&igrave;nh trọn vẹn, kh&eacute;o l&eacute;o m&agrave; kh&ocirc;ng cần đến phụ kiện n&agrave;o. Từng đường n&eacute;t được xử l&yacute; tinh xảo kết hợp với m&agrave;u sắc tự nhi&ecirc;n của gỗ sồi mang đến vẻ đẹp mộc mạc, gần gũi cho kh&ocirc;ng gian ph&ograve;ng kh&aacute;ch. Bridge &ndash; T&igrave;nh y&ecirc;u thi&ecirc;n nhi&ecirc;n v&agrave; sức quyến rũ của gỗ. Bộ sưu tập Bridge mang hơi thở Scandinavian l&agrave; sự kết hợp ho&agrave;n hảo của nh&agrave; thiết kế nổi tiếng Đan Mạch Hans Sandgren Jakobsen c&ugrave;ng c&ocirc;ng nghệ sản xuất thủ c&ocirc;ng của Nhật Bản. Mang thiết kế vượt thời gian, sử dụng chất liệu gỗ sồi v&agrave; da b&ograve; tự nhi&ecirc;n, Bridge mang đến cảm gi&aacute;c sang trọng, gần gũi v&agrave; thoải m&aacute;i cho gia chủ. Điểm nổi bật của Bridge l&agrave; sự tinh xảo trong ho&agrave;n thiện, từng chi tiết, những đường cong, bề mặt gỗ sồi được thực hiện v&agrave; chọn lựa v&ocirc; c&ugrave;ng kỹ c&agrave;ng, để tạo ra một Bridge ho&agrave;n hảo, chạm đến t&acirc;m hồn đầy cảm x&uacute;c v&agrave; y&ecirc;u qu&yacute; những gi&aacute; trị l&acirc;u bền của gia chủ Việt.</p>\r\n', 127, 13, 9, 35, 0, 1),
(21, 'Bàn nước Pio trắng', '7639000', 15, 'Gỗ Beech + Mặt Melamine marble', 'D1100-R700-C400', '', '<p>Kh&ocirc;ng &aacute;p dụng ch&iacute;nh s&aacute;ch đổi trả v&agrave; bảo h&agrave;nh với những sản phẩm CLEARANCE</p>\r\n', '<p>B&agrave;n nước PIO thu h&uacute;t &aacute;nh nh&igrave;n với mặt b&agrave;n bằng chất liệu hiện đại melamine marble. Thiết kế với kiểu d&aacute;ng oval gi&uacute;p, b&agrave;n nước Pio tạo điểm nhấn kh&aacute;c biệt cho kh&ocirc;ng gian ph&ograve;ng kh&aacute;ch của bạn. Việc bổ sung ngăn b&ecirc;n dưới l&agrave; khu chứa đồ cũng như trưng b&agrave;y c&aacute;c vật dụng trang tr&iacute;. PIO &ndash; Vẻ đẹp y&ecirc;n b&igrave;nh giữa lối sống đ&ocirc; thị Pha trộn giữa phong c&aacute;ch scandinavian v&agrave; sự mới lạ trong chọn lựa m&agrave;u sắc, bộ sưu tập PIO to&aacute;t l&ecirc;n vẻ đẹp nhẹ nh&agrave;ng, thanh lịch v&agrave; cũng rất gần gũi với thi&ecirc;n nhi&ecirc;n. PIO thể hiện lối sống của những người trẻ, biết chi&ecirc;m nghiệm v&agrave; thưởng ngoạn sự trở về b&igrave;nh y&ecirc;n giữa nhịp sống hiện đại. Thiết kế bởi những đường cong, điểm xuyến c&aacute;c chi tiết nhấn nh&aacute; b&ecirc;n cạnh sử dụng c&aacute;c vật liệu như gỗ beech, melamine marble.. gi&uacute;p PIO trở n&ecirc;n c&aacute; t&iacute;nh v&agrave; thu h&uacute;t trong kh&ocirc;ng gian hiện đại. Sản phẩm được thiết kế bởi đội ngũ Nh&agrave; Xinh v&agrave; sản xuất tại Việt Nam.</p>\r\n', 127, 23, 9, 33, 9, 2),
(22, 'Bàn nước Mây – 2 Modul', '10900000', 30, 'Gỗ Acacia (Tràm)- Mặt trên Laminate, mây tự nhiên, kính trắng - Chân bọc inox mạ gold', 'D800-R500-C420/D1000-R400-C350', '', '<p>Kh&ocirc;ng &aacute;p dụng ch&iacute;nh s&aacute;ch đổi trả v&agrave; bảo h&agrave;nh với những sản phẩm CLEARANCE</p>\r\n', '<p>Một chiếc b&agrave;n nước kết hợp nhịp nh&agrave;ng bởi 2 khối h&igrave;nh kh&aacute;c nhau về độ cao. B&agrave;n nước M&acirc;y gi&uacute;p cho kh&ocirc;ng gian ph&ograve;ng kh&aacute;ch trở n&ecirc;n c&aacute; t&iacute;nh hơn. Sản phẩm sử dụng chất liệu đ&atilde; marble cho phần mặt b&agrave;n, được bao quanh bởi kết cấu khung gỗ v&agrave; nhấn nh&aacute; với phần ch&acirc;n kim loại đồng hiện đại. M&acirc;y &ndash; Hồn Việt trong hơi thở hiện đại Bộ sưu tập M&acirc;y gợi lại những hồi ức thanh b&igrave;nh v&agrave; gần gũi của hồn qu&ecirc; Việt cho lối sống chậm để thưởng ngoạn giữa nhịp sống hiện đại. Như t&ecirc;n gọi của n&oacute;, bộ sưu tập lấy cảm hứng với chất liệu m&acirc;y l&agrave;m điểm nhấn kết hợp với c&aacute;c chất liệu hiện đại như da, gỗ tần b&igrave;, đ&aacute; marble v&agrave; đồng thau. Sự kh&eacute;o l&eacute;o trong việc sử dụng chất liệu v&agrave; những đường n&eacute;t thiết kế đ&atilde; gi&uacute;p cho c&aacute;c sản phẩm của M&acirc;y trở n&ecirc;n hiện đại, đầy t&iacute;nh thẩm mỹ v&agrave; cũng gi&agrave;u c&ocirc;ng năng. Bộ sưu tập M&acirc;y được thiết kế bởi đội ngũ Nh&agrave; Xinh v&agrave; sản xuất tại Việt Nam.</p>\r\n', 127, 18, 9, 33, 0, 1),
(23, 'Bàn nước Daylight', '27500000', 69, 'Chân kim loại, mặt đá marble tự nhiên', 'Ø800 - C380 mm', '', '<p>Kh&ocirc;ng &aacute;p dụng ch&iacute;nh s&aacute;ch đổi trả v&agrave; bảo h&agrave;nh với những sản phẩm CLEARANCE</p>\r\n', '<p>B&agrave;n nước Daylight với thiết kế hiện đại, kết hợp giữa mặt đ&aacute; v&agrave; ch&acirc;n inox mạ sang trọng sẽ l&agrave; điểm nhấn độc đ&aacute;o cho ph&ograve;ng kh&aacute;ch nh&agrave; bạn.</p>\r\n', 127, 11, 9, 32, 0, 2),
(24, 'Bàn nước Bridge mặt Marble', '38200000', 50, 'Khung kính mặt bàn Ceramic', 'D1200 - R700 - C350 mm', '', '<p>Kh&ocirc;ng &aacute;p dụng ch&iacute;nh s&aacute;ch đổi trả v&agrave; bảo h&agrave;nh với những sản phẩm CLEARANCE</p>\r\n', '<p>Bridge với thiết kế bề mặt đơn giản nhưng sắc n&eacute;t đến từng chi tiết, kết hợp c&ugrave;ng ch&acirc;n bằng k&iacute;nh d&aacute;ng mảnh tạo sự thanh tho&aacute;t sẽ th&iacute;ch hợp với nhiều kiểu kh&ocirc;ng gian ph&ograve;ng kh&aacute;ch.</p>\r\n', 127, 13, 9, 32, 0, 2),
(25, 'Bàn nước Around', '57400000', 38, 'MDF Veneer Walnut - Mặt Ceramic - ABS', 'D1100 - R600 - C350/500', '', '<p>Kh&ocirc;ng &aacute;p dụng ch&iacute;nh s&aacute;ch đổi trả v&agrave; bảo h&agrave;nh với những sản phẩm CLEARANCE</p>\r\n', '<p>B&agrave;n nước Around l&agrave; thiết kế giữa gỗ được kết hợp với mặt đ&aacute;. C&oacute; thể thay đổi theo hai chiều kh&aacute;c nhau l&ecirc;n v&agrave; xuống. Th&ecirc;m v&agrave;o đ&oacute; mặt b&agrave;n được thiết kế với chất liệu ceramic hết sức sang trọng n&acirc;ng l&ecirc;n n&acirc;ng xuống được, với hộc k&eacute;o b&iacute; mật được ẩn ở dưới. Kh&ocirc;ng những thế mặt b&agrave;n n&agrave;y khi n&acirc;ng l&ecirc;n c&ograve;n c&oacute; thể tận dụng như b&agrave;n l&agrave;m việc hay để đồ ăn nhẹ.</p>\r\n', 127, 13, 9, 0, 0, 1),
(26, 'Bàn nước mở rộng Magic', '46000000', 45, 'Chân kim loại mạ chrome - mặt mdf sơn Lacquer', 'D1100- R750/1500 - C340/640/440/740', '', '<p>Kh&ocirc;ng &aacute;p dụng ch&iacute;nh s&aacute;ch đổi trả v&agrave; bảo h&agrave;nh với những sản phẩm CLEARANCE</p>\r\n', '<p>Được nhập khẩu từ &Yacute;, b&agrave;n nước Dakota với thiết kế bề mặt đơn giản nhưng sắc n&eacute;t đến từng chi tiết, kết hợp c&ugrave;ng ch&acirc;n kim loại d&aacute;ng mảnh tạo sự thanh tho&aacute;t sẽ th&iacute;ch hợp với nhiều kiểu kh&ocirc;ng gian ph&ograve;ng kh&aacute;ch.</p>\r\n', 127, 11, 9, 0, 0, 2),
(27, 'Bàn trang điểm Mây', '29400000', 30, 'Gỗ Acacia (Tràm)- Mây tự nhiên- Chân bọc inox mạ gold', 'D1200- R400- C750/1330 mm', '', '<p>Kh&ocirc;ng &aacute;p dụng ch&iacute;nh s&aacute;ch đổi trả v&agrave; bảo h&agrave;nh với những sản phẩm CLEARANCE</p>\r\n', '<p>B&agrave;n trang điểm M&acirc;y mang thiết kế thanh lịch, duy&ecirc;n d&aacute;ng v&agrave; c&oacute; ch&uacute;t nữ t&iacute;nh. Thiết kế bố tr&iacute; c&aacute;c phần hộc k&eacute;o gi&uacute;p cất trữ đầy đủ c&aacute;c vật dụng trang điểm tối ưu. Những n&eacute;t bo tr&ograve;n của gương v&agrave; khung gỗ gi&uacute;p tạo n&eacute;t mềm mại. Đặc biệt, phần c&aacute;nh th&ecirc;m vừa tạo điểm nhấn vừa c&oacute; thể che lại gương khi kh&ocirc;ng sử dụng. M&acirc;y &ndash; Hồn Việt trong hơi thở hiện đại Bộ sưu tập M&acirc;y gợi lại những hồi ức thanh b&igrave;nh v&agrave; gần gũi của hồn qu&ecirc; Việt. Đ&atilde; được đội ngũ thiết kế của Nh&agrave; Xinh d&agrave;y c&ocirc;ng t&acirc;m đắc. Như t&ecirc;n gọi của n&oacute;, bộ sưu tập lấy cảm hứng với chất liệu m&acirc;y l&agrave;m điểm nhấn kết hợp với c&aacute;c chất liệu hiện đại như da, gỗ tần b&igrave;, đ&aacute; marble v&agrave; đồng thau. Sự kh&eacute;o l&eacute;o trong việc sử dụng chất liệu v&agrave; những đường n&eacute;t thiết kế đ&atilde; gi&uacute;p cho c&aacute;c sản phẩm của M&acirc;y trở n&ecirc;n hiện đại, đầy t&iacute;nh thẩm mỹ v&agrave; cũng gi&agrave;u c&ocirc;ng năng.Tất cả sản phẩm M&acirc;y được sản xuất tại Việt Nam.</p>\r\n', 128, 22, 11, 0, 0, 2),
(28, 'Bàn trang điểm chân Inox', '13690000', 70, 'Chân inox- Bọc da tổng hợp', 'D950- R650- C1110 mm', '', '<p>Kh&ocirc;ng &aacute;p dụng ch&iacute;nh s&aacute;ch đổi trả v&agrave; bảo h&agrave;nh với những sản phẩm CLEARANCE</p>\r\n', '<p>B&agrave;n trang điểm M&acirc;y mang thiết kế thanh lịch, duy&ecirc;n d&aacute;ng v&agrave; c&oacute; ch&uacute;t nữ t&iacute;nh. Thiết kế bố tr&iacute; c&aacute;c phần hộc k&eacute;o gi&uacute;p cất trữ đầy đủ c&aacute;c vật dụng trang điểm tối ưu. Những n&eacute;t bo tr&ograve;n của gương v&agrave; khung gỗ gi&uacute;p tạo n&eacute;t mềm mại. Đặc biệt, phần c&aacute;nh th&ecirc;m vừa tạo điểm nhấn vừa c&oacute; thể che lại gương khi kh&ocirc;ng sử dụng. M&acirc;y &ndash; Hồn Việt trong hơi thở hiện đại Bộ sưu tập M&acirc;y gợi lại những hồi ức thanh b&igrave;nh v&agrave; gần gũi của hồn qu&ecirc; Việt. Đ&atilde; được đội ngũ thiết kế của Nh&agrave; Xinh d&agrave;y c&ocirc;ng t&acirc;m đắc. Như t&ecirc;n gọi của n&oacute;, bộ sưu tập lấy cảm hứng với chất liệu m&acirc;y l&agrave;m điểm nhấn kết hợp với c&aacute;c chất liệu hiện đại như da, gỗ tần b&igrave;, đ&aacute; marble v&agrave; đồng thau. Sự kh&eacute;o l&eacute;o trong việc sử dụng chất liệu v&agrave; những đường n&eacute;t thiết kế đ&atilde; gi&uacute;p cho c&aacute;c sản phẩm của M&acirc;y trở n&ecirc;n hiện đại, đầy t&iacute;nh thẩm mỹ v&agrave; cũng gi&agrave;u c&ocirc;ng năng.Tất cả sản phẩm M&acirc;y được sản xuất tại Việt Nam.</p>\r\n', 128, 13, 11, 0, 0, 1),
(29, 'Bàn trang điểm Skagen', '12900000', 35, 'Chân gỗ mahogany , mặt mdf sơn màu trắng +noughat , gương kính thủy 5mm -bàn phấn có thể gấp khung g', 'D1200 - R500 - C750/1200 mm', '', '<p>Kh&ocirc;ng &aacute;p dụng ch&iacute;nh s&aacute;ch đổi trả v&agrave; bảo h&agrave;nh với những sản phẩm CLEARANCE</p>\r\n', '<p>Thiết kế đậm chất Scandinavian. B&agrave;n c&agrave; ph&ecirc; đường n&eacute;t bo tr&ograve;n, chất liệu gỗ cao su, ch&acirc;n m&agrave;u đen mạnh mẽ v&agrave; chắc</p>\r\n', 128, 12, 11, 28, 0, 2),
(30, 'Bàn trang điểm Harmony', '11900000', 66, 'Gỗ sồi+ tràm, MDF sơn trắng', 'D1220 - R500 - C780/1510', '', '<p>Kh&ocirc;ng &aacute;p dụng ch&iacute;nh s&aacute;ch đổi trả v&agrave; bảo h&agrave;nh với những sản phẩm CLEARANCE</p>\r\n', '<p>L&agrave; sự kết hợp của m&agrave;u trắng tinh kh&ocirc;i với m&agrave;u gỗ ấm &aacute;p tr&ecirc;n nền những đường n&eacute;t thiết kế hiện đại, trang nh&atilde;. B&agrave;n trang điểm Harmony được đ&aacute;nh gi&aacute; rất cao cả về kiểu d&aacute;ng v&agrave; c&ocirc;ng năng. B&agrave;n được l&agrave;m bằng gỗ tr&agrave;m kết hợp v&aacute;n lạng sồi, trước b&agrave;n l&agrave; mặt giương soi thuận tiện trong qu&aacute; tr&igrave;nh sử dụng.</p>\r\n', 128, 12, 11, 28, 0, 2),
(31, 'Bàn làm việc Maxine', '52900000', 29, 'Khung gỗ Beech + MDF veneer Haydua + Chân inox mạ PVD màu gold', 'D1800-R750/1180-C750', '', '<p>Kh&ocirc;ng &aacute;p dụng ch&iacute;nh s&aacute;ch đổi trả v&agrave; bảo h&agrave;nh với những sản phẩm CLEARANCE</p>\r\n', '<p>Một thiết kế b&agrave;n l&agrave;m việc đẳng cấp cho kh&ocirc;ng gian l&agrave;m việc của bạn, Maxine sử dụng chất liệu da tr&ecirc;n bề mặt, khung gỗ ho&agrave;n thiện mdf veneer n&acirc;u trầm sang trọng tạo cảm gi&aacute;c thư th&aacute;i, nhẹ nh&agrave;ng. C&ocirc;ng năng của chiếc b&agrave;n được sắp tối ưu với c&aacute;c hộc k&eacute;o rộng. Maxine &ndash; N&eacute;t n&acirc;u trầm sang trọng Maxine, mang thiết kế vượt thời gian, gửi gắm v&agrave; g&oacute;i gọn lại những n&eacute;t đẹp của thi&ecirc;n nhi&ecirc;n v&agrave; con người nhưng vẫn đầy t&iacute;nh ứng dụng cao trong suốt h&agrave;nh tr&igrave;nh phi&ecirc;u lưu của nh&agrave; thiết kế người Ph&aacute;p Dominique Moal. Bộ sưu tập nổi bật với m&agrave;u sắc n&acirc;u trầm sang trọng, l&agrave; sự kết hợp giữa gỗ, da b&ograve; v&agrave; kim loại v&agrave;ng b&oacute;ng. Đặc biệt tr&ecirc;n mỗi sản phẩm, những n&eacute;t bo vi&ecirc;n, chi tiết kết nối được sử dụng k&eacute;o l&eacute;o tạo ra điểm nhất rất ri&ecirc;ng cho bộ sưu tập. Maxine thể hiện n&eacute;t trầm tư, thư gi&atilde;n để tận hưởng kh&ocirc;ng gian sống trong nhịp sống hiện đại. Sản phẩm thuộc BST Maxine được sản xuất tại Việt Nam.</p>\r\n', 131, 11, 12, 28, 0, 1),
(32, 'Bàn làm việc cao cấp Pio', '13903000', 60, 'Gỗ Beech + MDF Veneer thông', 'D1500-R500-C750', '', '<p>Kh&ocirc;ng &aacute;p dụng ch&iacute;nh s&aacute;ch đổi trả v&agrave; bảo h&agrave;nh với những sản phẩm CLEARANCE</p>\r\n', '<p>Kh&ocirc;ng gian ph&ograve;ng l&agrave;m việc sẽ trở n&ecirc;n ấm c&uacute;ng v&agrave; mới mẻ với b&agrave;n l&agrave;m việc Pio. Phần hộc k&eacute;o rộng gi&uacute;p cất giữ đồ đạc tối ưu, phần ch&acirc;n thon gọn tạo kh&ocirc;ng gian tho&aacute;ng đ&atilde;ng v&agrave; thanh lịch. B&agrave;n l&agrave;m việc Pio l&agrave; lựa chọn ph&ugrave; hợp cho doanh nh&acirc;n trẻ. PIO &ndash; Vẻ đẹp y&ecirc;n b&igrave;nh giữa lối sống đ&ocirc; thị Pha trộn giữa phong c&aacute;ch scandinavian v&agrave; sự mới lạ trong chọn lựa m&agrave;u sắc, bộ sưu tập PIO to&aacute;t l&ecirc;n vẻ đẹp nhẹ nh&agrave;ng, thanh lịch v&agrave; gần gũi với thi&ecirc;n nhi&ecirc;n. PIO thể hiện lối sống của những người trẻ, biết chi&ecirc;m nghiệm v&agrave; thưởng ngoạn sự trở về b&igrave;nh y&ecirc;n giữa nhịp sống hiện đại.Thiết kế bởi những đường cong, điểm xuyến c&aacute;c chi tiết nhấn nh&aacute; b&ecirc;n cạnh sử dụng c&aacute;c vật liệu như gỗ beech, melamine marble.. gi&uacute;p PIO trở n&ecirc;n c&aacute; t&iacute;nh v&agrave; thu h&uacute;t trong kh&ocirc;ng gian hiện đại. Sản phẩm được thiết kế bởi đội ngũ Nh&agrave; Xinh v&agrave; sản xuất tại Việt Nam.</p>\r\n', 131, 22, 12, 27, 0, 2),
(33, 'Bàn làm việc Skagen', '12900000', 39, 'MDF Chống ẩm, Veneer walnut, Chân gỗ Walnut', 'D1200 - R600 - C750', '', '<p>Kh&ocirc;ng &aacute;p dụng ch&iacute;nh s&aacute;ch đổi trả v&agrave; bảo h&agrave;nh với những sản phẩm CLEARANCE</p>\r\n', '<p>B&agrave;n l&agrave;m việc Skagen được l&agrave;m bằng khung gỗ Walnut đặc, c&aacute;nh tủ đ&oacute;ng mở nhẹ nh&agrave;ng, ch&acirc;n tủ dễ d&agrave;ng th&aacute;o lắp khi cần di chuyển. Với đường n&eacute;t gia c&ocirc;ng tỉ mỉ, B&agrave;n l&agrave;m việc Skagen sẽ l&agrave; điểm nổi bật cho vị tr&iacute; l&agrave;m việc trong ng&ocirc;i nh&agrave; của bạn.</p>\r\n', 131, 14, 12, 27, 0, 1),
(34, 'Bàn làm việc Kate', '13500000', 55, 'Gỗ sồi sơn trắng lấy ghim', 'D1500 - R500 - C750', '', '<p>Kh&ocirc;ng &aacute;p dụng ch&iacute;nh s&aacute;ch đổi trả v&agrave; bảo h&agrave;nh với những sản phẩm CLEARANCE</p>\r\n', '<p>B&agrave;n l&agrave;m việc Kate mang phong c&aacute;ch b&aacute;n cổ điển với m&agrave;u trắng nhẹ nh&agrave;ng như t&ocirc; điểm cho kh&ocirc;ng gian th&ecirc;m s&aacute;ng. B&agrave;n Kate được l&agrave;m bằng gỗ sồi sơn lấy ghim gi&uacute;p người sử dụng vẫn cảm nhận được từng thớ gỗ</p>\r\n', 131, 18, 12, 26, 0, 1),
(35, 'Bàn Làm Việc Match', '45000000', 60, 'MDF Veneer Gỗ tự nhiên, sơn lacquer', 'D1300-R650-C750mm', '', '<p>Kh&ocirc;ng &aacute;p dụng ch&iacute;nh s&aacute;ch đổi trả v&agrave; bảo h&agrave;nh với những sản phẩm CLEARANCE</p>\r\n', '<p>B&agrave;n l&agrave;m việc Match l&agrave; sản phẩm nhập từ &Yacute;. Đặc trưng bởi c&aacute;c h&igrave;nh dạng mềm mại, mặt cong nhẹ, g&oacute;c tr&ograve;n v&agrave; đường v&aacute;t. C&aacute;c t&iacute;nh chất tự nhi&ecirc;n của gỗ được l&agrave;m s&aacute;ng l&ecirc;n bởi c&aacute;ch kết hợp tương phản về m&agrave;u sắc của ngăn k&eacute;o giữa v&agrave; ngăn xếp n&acirc;ng. L&agrave; giải ph&aacute;p l&yacute; tưởng cho việc trang tr&iacute; văn ph&ograve;ng tại nh&agrave;, nhưng cũng ph&ugrave; hợp ho&agrave;n hảo trong ph&ograve;ng trẻ em cũng như trong c&aacute;c m&ocirc;i trường với phong c&aacute;ch tỉnh t&aacute;o hơn nhờ c&oacute; sự kết hợp m&agrave;u sắc.</p>\r\n', 131, 14, 12, 26, 0, 1),
(36, 'Bàn làm việc Layers', '45000000', 25, 'Chân kim loại - MDF Veneer', 'D1620-R720-C880mm', '', '<p>Kh&ocirc;ng &aacute;p dụng ch&iacute;nh s&aacute;ch đổi trả v&agrave; bảo h&agrave;nh với những sản phẩm CLEARANCE</p>\r\n', '<p>B&agrave;n l&agrave;m việc Layer l&agrave; một sản phẩm từ thương hiệu &Yacute; Calligaris, với thiết kế đ&uacute;ng như t&ecirc;n gọi, Layer cho nhiều lớp mặt b&agrave;n gi&uacute;p mở rộng kh&ocirc;ng gian l&agrave;m việc. Với thiết kế sang trọng v&agrave; hiện đại, chiếc b&agrave;n n&agrave;y sẽ l&agrave;m kh&ocirc;ng gian l&agrave;m việc cảu bạn trở n&ecirc;n năng động v&agrave; tuyệt với hơn.</p>\r\n', 131, 11, 12, 25, 0, 2),
(37, 'Bàn làm việc Biblio', '55800000', 38, 'Chân kim loại, MDF, Da', 'D1040- R530- C1020', '', '<p>Kh&ocirc;ng &aacute;p dụng ch&iacute;nh s&aacute;ch đổi trả v&agrave; bảo h&agrave;nh với những sản phẩm CLEARANCE</p>\r\n', '<p>B&agrave;n l&agrave;m việc Biblio với thiết kế đặc biết thừ da v&agrave; phần ch&acirc;n kim loại ph&ugrave; hợp với người ưa th&iacute;ch sự ri&ecirc;ng tư. Nhờ phần da bao bọc xung quanh, bạn sẽ kh&ocirc;ng sợ l&agrave;m rơi mất thứ g&igrave; tr&ecirc;n b&agrave;n.</p>\r\n', 131, 18, 12, 25, 0, 2),
(38, 'Bàn làm việc Bụi', '7900000', 56, 'Gỗ Thông + MDF Veneer Thông + Kim loại sơn tinh điện', 'D1200- R580- C720', '', '<p>Kh&ocirc;ng &aacute;p dụng ch&iacute;nh s&aacute;ch đổi trả v&agrave; bảo h&agrave;nh với những sản phẩm CLEARANCE</p>\r\n', '<p>Chiếc b&agrave;n với thiết kế tuyệt vời v&agrave; c&ocirc;ng năng từ gỗ th&ocirc;ng s&aacute;ng m&agrave;u v&agrave; ch&acirc;n kim loại chắc chắn. Mặt b&agrave;n c&oacute; c&aacute;c cạnh cao gi&uacute;p giứ đồ kh&ocirc;ng bị rơi, ch&iacute;nh giữa l&agrave; phần khớp rời c&oacute; thể dễ d&agrave;ng n&acirc;ng cao hoặc hạ xuống hỗ trợ cho việc vẽ, để m&aacute;y t&iacute;nh v&agrave; đọc s&aacute;ch. Chiếc b&agrave;n năng động r&agrave; rất ph&ugrave; hợp cho c&aacute;c bạn muốn muốn t&igrave;m một kh&ocirc;ng gian ho&agrave;n hảo dể s&aacute;ng t&aacute;c</p>\r\n', 131, 11, 12, 25, 0, 2),
(41, 'Sofa Eden góc trái MB25', '31900000', 17, 'Chân kim loại sơn tĩnh điện - vải bọc cao cấp -vỏ nệm ngồi & nệm lưng có thể tháo rời', 'D2700 - R1450/900 - C400x800', 'Xám', '<p>Kh&ocirc;ng &aacute;p dụng ch&iacute;nh s&aacute;ch đổi trả v&agrave; bảo h&agrave;nh với những sản phẩm CLEARANCE</p>\r\n', '<p>Sofa BOSTON l&agrave; mẫu sofa ph&ugrave; hợp với kh&ocirc;ng gian nh&agrave; nhỏ. Với thiết kế trẻ trung, k&iacute;ch thước gọn g&agrave;ng, lớp vải bọc t&ocirc;ng s&aacute;ng với họa tiết tươi tắn, bạn sẽ dễ d&agrave;ng b&agrave;i tr&iacute; sofa BOSTON trong kh&ocirc;ng gian ph&ograve;ng kh&aacute;ch hoặc ph&ograve;ng đọc. Lớp đệm ngồi d&agrave;y dặn, đ&agrave;n hồi tốt v&agrave; tựa lưng &ecirc;m &aacute;i của sofa sẽ cho bạn cảm gi&aacute;c thực sự thư gi&atilde;n thoải m&aacute;i khi ngồi xem ti vi, đọc s&aacute;ch hoặc ngả lưng nằm nghe nhạc. Vỏ bọc sofa được thiết kế để c&oacute; thể dễ d&agrave;ng th&aacute;o ra v&agrave; bỏ v&agrave;o m&aacute;y giặt để vệ sinh khi cần thiết. C&ograve;n chần chừ g&igrave; nữa, h&atilde;y đặt mua sofa BOSTON v&agrave; tận hưởng những ph&uacute;t gi&acirc;y ở nh&agrave; bạn nh&eacute;.</p>\r\n', 173, 14, 9, 26, 9, 2),
(42, 'Tranh in ngựa nâu 100 x 142', '9829000', 69, 'gỗ công nghiệp, vải canvas', '1000 x 1420 mm', 'Đen', '<p>Kh&ocirc;ng &aacute;p dụng ch&iacute;nh s&aacute;ch đổi trả v&agrave; bảo h&agrave;nh với những sản phẩm CLEARANCE</p>\r\n', '<p>Tranh trang tr&iacute; nội thất sẽ điểm t&ocirc; cho căn nh&agrave; bạn th&ecirc;m phần sinh động, thể hiện c&aacute; t&iacute;nh của gia chủ. Bạn cần chọn tranh trang tr&iacute; ph&ograve;ng kh&aacute;ch hiện đại hay ph&ograve;ng ngủ ấm &aacute;p? Theo phong c&aacute;ch độc đ&aacute;o hay l&atilde;ng mạn?... Tất cả sẽ c&oacute; tại Nh&agrave; Xinh - đa dạng mẫu, ph&ugrave; hợp với mọi kh&ocirc;ng gian nh&agrave; bạn.</p>\r\n', 211, 11, 9, 24, 9, 1),
(43, 'Bàn console Secrect 83335K', '29904000', 47, 'Chân kim loại sơn đen - mặt kính trắng trong', 'D1400 - R300 - C900 mm', '', '<p>Kh&ocirc;ng &aacute;p dụng ch&iacute;nh s&aacute;ch đổi trả v&agrave; bảo h&agrave;nh với những sản phẩm CLEARANCE</p>\r\n', '<p>B&agrave;n Console hay c&ograve;n gọi l&agrave; b&agrave;n trang tr&iacute;, sản phẩm c&oacute; thể để những đồ vật như khung ảnh gia đ&igrave;nh, c&aacute;c sản phẩm trang tr&iacute; Sẽ gi&uacute;p cho những mảng tường trống của nh&agrave; bạn trở n&ecirc;n sinh động hơn.</p>\r\n', 131, 18, 9, 30, 9, 2),
(46, 'Bàn nước Alex', '8830000', 0, 'MDF kháng ẩm, veneer walnut, kim loại mạ đồng, kính cường lực', 'D1200- R600- C400 mm', '', '<p><span style=\"font-size:13.0pt\">Kh&ocirc;ng &aacute;p dụng ch&iacute;nh s&aacute;ch đổi trả v&agrave; bảo h&agrave;nh với những sản phẩm CLEARANCE</span></p>\r\n', '<p><span style=\"font-size:13.0pt\">B&agrave;n nước với thiết kế vu&ocirc;ng vức từ kim loại, gỗ v&agrave; k&iacute;nh cường lực đầy c&aacute; t&iacute;nh. Ph&ugrave; hợp cho kh&ocirc;ng gian nội thất hiện đại v&agrave; năng động</span></p>\r\n', 285, 23, 9, 32, 15, 2);

-- --------------------------------------------------------

--
-- Table structure for table `thongke`
--

CREATE TABLE `thongke` (
  `ma_thongke` int(11) NOT NULL,
  `ma_sanpham` int(11) NOT NULL,
  `soluong_ban` int(11) NOT NULL,
  `tongtien` varchar(255) COLLATE utf8mb4_unicode_ci NOT NULL,
  `ngay_thongke` varchar(255) COLLATE utf8mb4_unicode_ci NOT NULL,
  `nam_thongke` varchar(255) COLLATE utf8mb4_unicode_ci NOT NULL
) ENGINE=InnoDB DEFAULT CHARSET=utf8mb4 COLLATE=utf8mb4_unicode_ci;

--
-- Dumping data for table `thongke`
--

INSERT INTO `thongke` (`ma_thongke`, `ma_sanpham`, `soluong_ban`, `tongtien`, `ngay_thongke`, `nam_thongke`) VALUES
(12, 11, 2, '5330000', '2021-02-16', '2021'),
(13, 14, 1, '9015000', '2021-02-14', '2021'),
(14, 13, 1, '9115000', '2022-02-11', '2022'),
(15, 15, 3, '25995000', '2022-02-16', '2022'),
(16, 15, 5, '43325000', '2021-02-10', '2021'),
(17, 17, 1, '9100000', '2021-02-16', '2021'),
(18, 17, 7, '63700000', '2022-02-17', '2022'),
(19, 15, 1, '8665000', '2022-02-17', '2022'),
(20, 34, 2, '27000000', '2022-02-19', '2022'),
(21, 32, 1, '13903000', '2022-02-19', '2022'),
(22, 38, 2, '15800000', '2022-02-19', '2022'),
(23, 43, 2, '59808000', '2022-03-04', '2022'),
(24, 43, 2, '59808000', '2022-03-04', '2022'),
(25, 37, 2, '111600000', '2022-03-06', '2022'),
(26, 16, 1, '15900000', '2022-03-06', '2022'),
(27, 24, 3, '114600000', '2022-03-06', '2022'),
(28, 38, 2, '15800000', '2022-03-08', '2022'),
(29, 41, 1, '31900000', '2022-03-16', '2022'),
(30, 23, 2, '55000000', '2022-03-16', '2022'),
(31, 16, 2, '31800000', '2022-03-16', '2022'),
(32, 16, 1, '15900000', '2022-03-19', '2022'),
(33, 14, 1, '9015000', '2022-03-19', '2022'),
(34, 14, 1, '9015000', '2022-03-19', '2022'),
(35, 15, 1, '8665000', '2022-03-20', '2022'),
(36, 23, 5, '137500000', '2022-03-20', '2022'),
(37, 43, 1, '29904000', '2022-03-20', '2022'),
(38, 23, 1, '27500000', '2022-03-23', '2022'),
(39, 19, 1, '23760000', '2022-03-23', '2022'),
(40, 24, 2, '76400000', '2022-03-23', '2022'),
(41, 19, 1, '23760000', '2022-03-23', '2022'),
(42, 14, 1, '9015000', '2022-03-24', '2022'),
(43, 21, 2, '15278000', '2022-03-24', '2022'),
(44, 15, 1, '8665000', '2022-03-26', '2022'),
(45, 11, 1, '2665000', '2022-03-26', '2022'),
(46, 15, 1, '8665000', '2022-03-26', '2022'),
(47, 13, 1, '9115000', '2022-03-26', '2022'),
(48, 16, 1, '15900000', '2022-03-26', '2022'),
(49, 24, 1, '38200000', '2022-03-26', '2022'),
(50, 21, 1, '7639000', '2022-03-26', '2022'),
(51, 14, 1, '9015000', '2022-03-26', '2022'),
(52, 16, 1, '15900000', '2022-03-26', '2022'),
(53, 17, 1, '9100000', '2022-03-26', '2022'),
(54, 21, 2, '15278000', '2022-03-29', '2022'),
(55, 15, 1, '8665000', '2022-03-29', '2022'),
(56, 14, 1, '9015000', '2022-03-29', '2022'),
(57, 14, 1, '9015000', '2022-03-29', '2022'),
(58, 15, 1, '8665000', '2022-04-04', '2022'),
(59, 41, 1, '31900000', '2022-04-04', '2022'),
(60, 21, 1, '7639000', '2022-04-04', '2022'),
(61, 23, 1, '27500000', '2022-04-04', '2022'),
(62, 23, 1, '27500000', '2022-04-04', '2022'),
(63, 38, 2, '15800000', '2022-04-05', '2022'),
(64, 21, 2, '15278000', '2022-04-05', '2022'),
(65, 42, 1, '9829000', '2022-04-06', '2022'),
(66, 15, 1, '8665000', '2022-04-06', '2022'),
(67, 16, 1, '15900000', '2022-04-06', '2022'),
(68, 11, 1, '2665000', '2022-04-13', '2022'),
(69, 23, 1, '27500000', '2022-04-13', '2022'),
(70, 41, 1, '31900000', '2022-04-13', '2022'),
(71, 15, 1, '8665000', '2022-04-21', '2022'),
(72, 15, 3, '25995000', '2022-04-21', '2022');

-- --------------------------------------------------------

--
-- Table structure for table `tinh`
--

CREATE TABLE `tinh` (
  `ma_tinh` int(11) NOT NULL,
  `ten_tinh` varchar(100) COLLATE utf8mb4_unicode_ci NOT NULL
) ENGINE=InnoDB DEFAULT CHARSET=utf8mb4 COLLATE=utf8mb4_unicode_ci;

--
-- Dumping data for table `tinh`
--

INSERT INTO `tinh` (`ma_tinh`, `ten_tinh`) VALUES
(8, 'Thành phố Hà Nội'),
(9, 'Tỉnh Hà Giang'),
(10, 'Tỉnh Cao Bằng'),
(11, 'Tỉnh Bắc Kạn'),
(12, 'Tỉnh Tuyên Quang'),
(13, 'Tỉnh Lào Cai'),
(14, 'Tỉnh Điện Biên'),
(15, 'Tỉnh Lai Châu'),
(16, 'Tỉnh Sơn La'),
(17, 'Tỉnh Yên Bái'),
(18, 'Tỉnh Hoà Bình'),
(19, 'Tỉnh Thái Nguyên'),
(20, 'Tỉnh Lạng Sơn');

-- --------------------------------------------------------

--
-- Table structure for table `xa`
--

CREATE TABLE `xa` (
  `ma_xa` int(11) NOT NULL,
  `ten_xa` varchar(100) COLLATE utf8mb4_unicode_ci NOT NULL,
  `ma_huyen` int(11) NOT NULL
) ENGINE=InnoDB DEFAULT CHARSET=utf8mb4 COLLATE=utf8mb4_unicode_ci;

--
-- Dumping data for table `xa`
--

INSERT INTO `xa` (`ma_xa`, `ten_xa`, `ma_huyen`) VALUES
(9, 'Phường Phúc Xá', 11),
(10, 'Phường Trúc Bạch', 11),
(11, 'Phường Vĩnh Phúc', 11),
(12, 'Phường Cống Vị', 11),
(13, 'Phường Liễu Giai', 11),
(14, 'Phường Nguyễn Trung Trực', 11),
(15, 'Phường Quán Thánh', 11),
(16, 'Phường Ngọc Hà', 11),
(17, 'Phường Điện Biên', 11),
(18, 'Phường Đội Cấn', 11),
(19, 'Phường Ngọc Khánh', 11),
(20, 'Phường Kim Mã', 11),
(21, 'Phường Giảng Võ', 11),
(22, 'Phường Thành Công', 11),
(23, 'Phường Phúc Tân', 12),
(24, 'Phường Đồng Xuân', 12),
(25, 'Phường Hàng Mã', 12),
(26, 'Phường Hàng Buồm', 12),
(27, 'Phường Hàng Đào', 12),
(28, 'Phường Hàng Bồ', 12),
(29, 'Phường Cửa Đông', 12),
(30, 'Phường Lý Thái Tổ', 12),
(31, 'Phường Hàng Bạc', 12),
(32, 'Phường Hàng Gai', 12),
(33, 'Phường Chương Dương', 12),
(34, 'Phường Hàng Trống', 12),
(35, 'Phường Cửa Nam', 12),
(36, 'Phường Hàng Bông', 12),
(37, 'Phường Tràng Tiền', 12),
(38, 'Phường Trần Hưng Đạo', 12),
(39, 'Phường Phan Chu Trinh', 12),
(40, 'Phường Hàng Bài', 12),
(41, 'Phường Phú Thượng', 13),
(42, 'Phường Nhật Tân', 13),
(43, 'Phường Tứ Liên', 13),
(44, 'Phường Quảng An', 13),
(45, 'Phường Xuân La', 13),
(46, 'Phường Yên Phụ', 13),
(47, 'Phường Bưởi', 13),
(48, 'Phường Thụy Khuê', 13),
(49, 'Phường Thượng Thanh', 14),
(50, 'Phường Ngọc Thụy', 14),
(51, 'Phường Giang Biên', 14),
(52, 'Phường Đức Giang', 14),
(53, 'Phường Việt Hưng', 14),
(54, 'Phường Gia Thụy', 14),
(55, 'Phường Ngọc Lâm', 14),
(56, 'Phường Phúc Lợi', 14),
(57, 'Phường Bồ Đề', 14),
(58, 'Phường Sài Đồng', 14),
(59, 'Phường Long Biên', 14),
(60, 'Phường Thạch Bàn', 14),
(61, 'Phường Phúc Đồng', 14),
(62, 'Phường Cự Khối', 14),
(63, 'Phường Nghĩa Đô', 15),
(64, 'Phường Nghĩa Tân', 15),
(65, 'Phường Mai Dịch', 15),
(66, 'Phường Dịch Vọng', 15),
(67, 'Phường Dịch Vọng Hậu', 15),
(68, 'Phường Quan Hoa', 15),
(69, 'Phường Yên Hoà', 15),
(70, 'Phường Trung Hoà', 15),
(71, 'Phường Cát Linh', 16),
(72, 'Phường Văn Miếu', 16),
(73, 'Phường Quốc Tử Giám', 16),
(74, 'Phường Láng Thượng', 16),
(75, 'Phường Ô Chợ Dừa', 16),
(76, 'Phường Văn Chương', 16),
(77, 'Phường Hàng Bột', 16),
(78, 'Phường Láng Hạ', 16),
(79, 'Phường Khâm Thiên', 16),
(80, 'Phường Thổ Quan', 16),
(81, 'Phường Nam Đồng', 16),
(82, 'Phường Trung Phụng', 16),
(83, 'Phường Quang Trung', 16),
(84, 'Phường Trung Liệt', 16),
(85, 'Phường Phương Liên', 16),
(86, 'Phường Thịnh Quang', 16),
(87, 'Phường Trung Tự', 16),
(88, 'Phường Kim Liên', 16),
(89, 'Phường Phương Mai', 16),
(90, 'Phường Ngã Tư Sở', 16),
(91, 'Phường Khương Thượng', 16),
(92, 'Phường Nguyễn Du', 17),
(93, 'Phường Bạch Đằng', 17),
(94, 'Phường Phạm Đình Hổ', 17),
(95, 'Phường Lê Đại Hành', 17),
(96, 'Phường Đồng Nhân', 17),
(97, 'Phường Phố Huế', 17),
(98, 'Phường Đống Mác', 17),
(99, 'Phường Thanh Lương', 17),
(100, 'Phường Thanh Nhàn', 17),
(101, 'Phường Cầu Dền', 17),
(102, 'Phường Bách Khoa', 17),
(103, 'Phường Đồng Tâm', 17),
(104, 'Phường Vĩnh Tuy', 17),
(105, 'Phường Bạch Mai', 17),
(106, 'Phường Quỳnh Mai', 17),
(107, 'Phường Quỳnh Lôi', 17),
(108, 'Phường Minh Khai', 17),
(109, 'Phường Trương Định', 17),
(110, 'Phường Thanh Trì', 18),
(111, 'Phường Vĩnh Hưng', 18),
(112, 'Phường Định Công', 18),
(113, 'Phường Mai Động', 18),
(114, 'Phường Tương Mai', 18),
(115, 'Phường Đại Kim', 18),
(116, 'Phường Tân Mai', 18),
(117, 'Phường Hoàng Văn Thụ', 18),
(118, 'Phường Giáp Bát', 18),
(119, 'Phường Lĩnh Nam', 18),
(120, 'Phường Thịnh Liệt', 18),
(121, 'Phường Trần Phú', 18),
(122, 'Phường Hoàng Liệt', 18),
(123, 'Phường Yên Sở', 18),
(124, 'Phường Nhân Chính', 19),
(125, 'Phường Thượng Đình', 19),
(126, 'Phường Khương Trung', 19),
(127, 'Phường Khương Mai', 19),
(128, 'Phường Thanh Xuân Trung', 19),
(129, 'Phường Phương Liệt', 19),
(130, 'Phường Hạ Đình', 19),
(131, 'Phường Khương Đình', 19),
(132, 'Phường Thanh Xuân Bắc', 19),
(133, 'Phường Thanh Xuân Nam', 19),
(134, 'Phường Kim Giang', 19),
(135, 'Thị trấn Sóc Sơn', 20),
(136, 'Xã Bắc Sơn', 20),
(137, 'Xã Minh Trí', 20),
(138, 'Xã Hồng Kỳ', 20),
(139, 'Xã Nam Sơn', 20),
(140, 'Xã Trung Giã', 20),
(141, 'Xã Tân Hưng', 20),
(142, 'Xã Minh Phú', 20),
(143, 'Xã Phù Linh', 20),
(144, 'Xã Bắc Phú', 20),
(145, 'Xã Tân Minh', 20),
(146, 'Xã Quang Tiến', 20),
(147, 'Xã Hiền Ninh', 20),
(148, 'Xã Tân Dân', 20),
(149, 'Xã Tiên Dược', 20),
(150, 'Xã Việt Long', 20),
(151, 'Xã Xuân Giang', 20),
(152, 'Xã Mai Đình', 20),
(153, 'Xã Đức Hoà', 20),
(154, 'Xã Thanh Xuân', 20),
(155, 'Xã Đông Xuân', 20),
(156, 'Xã Kim Lũ', 20),
(157, 'Xã Phú Cường', 20),
(158, 'Xã Phú Minh', 20),
(159, 'Xã Phù Lỗ', 20),
(160, 'Xã Xuân Thu', 20),
(161, 'Thị trấn Đông Anh', 21),
(162, 'Xã Xuân Nộn', 21),
(163, 'Xã Thuỵ Lâm', 21),
(164, 'Xã Bắc Hồng', 21),
(165, 'Xã Nguyên Khê', 21),
(166, 'Xã Nam Hồng', 21),
(167, 'Xã Tiên Dương', 21),
(168, 'Xã Vân Hà', 21),
(169, 'Xã Uy Nỗ', 21),
(170, 'Xã Vân Nội', 21),
(171, 'Xã Liên Hà', 21),
(172, 'Xã Việt Hùng', 21),
(173, 'Xã Kim Nỗ', 21),
(174, 'Xã Kim Chung', 21),
(175, 'Xã Dục Tú', 21),
(176, 'Xã Đại Mạch', 21),
(177, 'Xã Vĩnh Ngọc', 21),
(178, 'Xã Cổ Loa', 21),
(179, 'Xã Hải Bối', 21),
(180, 'Xã Xuân Canh', 21),
(181, 'Xã Võng La', 21),
(182, 'Xã Tàm Xá', 21),
(183, 'Xã Mai Lâm', 21),
(184, 'Xã Đông Hội', 21),
(185, 'Thị trấn Yên Viên', 22),
(186, 'Xã Yên Thường', 22),
(187, 'Xã Yên Viên', 22),
(188, 'Xã Ninh Hiệp', 22),
(189, 'Xã Đình Xuyên', 22),
(190, 'Xã Dương Hà', 22),
(191, 'Xã Phù Đổng', 22),
(192, 'Xã Trung Mầu', 22),
(193, 'Xã Lệ Chi', 22),
(194, 'Xã Cổ Bi', 22),
(195, 'Xã Đặng Xá', 22),
(196, 'Xã Phú Thị', 22),
(197, 'Xã Kim Sơn', 22),
(198, 'Thị trấn Trâu Quỳ', 22),
(199, 'Xã Dương Quang', 22),
(200, 'Xã Dương Xá', 22),
(201, 'Xã Đông Dư', 22),
(202, 'Xã Đa Tốn', 22),
(203, 'Xã Kiêu Kỵ', 22),
(204, 'Xã Bát Tràng', 22),
(205, 'Xã Kim Lan', 22),
(206, 'Xã Văn Đức', 22),
(207, 'Phường Cầu Diễn', 23),
(208, 'Phường Xuân Phương', 23),
(209, 'Phường Phương Canh', 23),
(210, 'Phường Mỹ Đình 1', 23),
(211, 'Phường Mỹ Đình 2', 23),
(212, 'Phường Tây Mỗ', 23),
(213, 'Phường Mễ Trì', 23),
(214, 'Phường Phú Đô', 23),
(215, 'Phường Đại Mỗ', 23),
(216, 'Phường Trung Văn', 23),
(217, 'Thị trấn Văn Điển', 24),
(218, 'Xã Tân Triều', 24),
(219, 'Xã Thanh Liệt', 24),
(220, 'Xã Tả Thanh Oai', 24),
(221, 'Xã Hữu Hoà', 24),
(222, 'Xã Tam Hiệp', 24),
(223, 'Xã Tứ Hiệp', 24),
(224, 'Xã Yên Mỹ', 24),
(225, 'Xã Vĩnh Quỳnh', 24),
(226, 'Xã Ngũ Hiệp', 24),
(227, 'Xã Duyên Hà', 24),
(228, 'Xã Ngọc Hồi', 24),
(229, 'Xã Vạn Phúc', 24),
(230, 'Xã Đại áng', 24),
(231, 'Xã Liên Ninh', 24),
(232, 'Xã Đông Mỹ', 24),
(233, 'Phường Thượng Cát', 25),
(234, 'Phường Liên Mạc', 25),
(235, 'Phường Đông Ngạc', 25),
(236, 'Phường Đức Thắng', 25),
(237, 'Phường Thụy Phương', 25),
(238, 'Phường Tây Tựu', 25),
(239, 'Phường Xuân Đỉnh', 25),
(240, 'Phường Xuân Tảo', 25),
(241, 'Phường Minh Khai', 25),
(242, 'Phường Cổ Nhuế 1', 25),
(243, 'Phường Cổ Nhuế 2', 25),
(244, 'Phường Phú Diễn', 25),
(245, 'Phường Phúc Diễn', 25),
(246, 'Thị trấn Chi Đông', 26),
(247, 'Xã Đại Thịnh', 26),
(248, 'Xã Kim Hoa', 26),
(249, 'Xã Thạch Đà', 26),
(250, 'Xã Tiến Thắng', 26),
(251, 'Xã Tự Lập', 26),
(252, 'Thị trấn Quang Minh', 26),
(253, 'Xã Thanh Lâm', 26),
(254, 'Xã Tam Đồng', 26),
(255, 'Xã Liên Mạc', 26),
(256, 'Xã Vạn Yên', 26),
(257, 'Xã Chu Phan', 26),
(258, 'Xã Tiến Thịnh', 26),
(259, 'Xã Mê Linh', 26),
(260, 'Xã Văn Khê', 26),
(261, 'Xã Hoàng Kim', 26),
(262, 'Xã Tiền Phong', 26),
(263, 'Xã Tráng Việt', 26),
(264, 'Phường Nguyễn Trãi', 27),
(265, 'Phường Mộ Lao', 27),
(266, 'Phường Văn Quán', 27),
(267, 'Phường Vạn Phúc', 27),
(268, 'Phường Yết Kiêu', 27),
(269, 'Phường Quang Trung', 27),
(270, 'Phường La Khê', 27),
(271, 'Phường Phú La', 27),
(272, 'Phường Phúc La', 27),
(273, 'Phường Hà Cầu', 27),
(274, 'Phường Yên Nghĩa', 27),
(275, 'Phường Kiến Hưng', 27),
(276, 'Phường Phú Lãm', 27),
(277, 'Phường Phú Lương', 27),
(278, 'Phường Dương Nội', 27),
(279, 'Phường Đồng Mai', 27),
(280, 'Phường Biên Giang', 27),
(281, 'Phường Lê Lợi', 28),
(282, 'Phường Phú Thịnh', 28),
(283, 'Phường Ngô Quyền', 28),
(284, 'Phường Quang Trung', 28),
(285, 'Phường Sơn Lộc', 28),
(286, 'Phường Xuân Khanh', 28),
(287, 'Xã Đường Lâm', 28),
(288, 'Phường Viên Sơn', 28),
(289, 'Xã Xuân Sơn', 28),
(290, 'Phường Trung Hưng', 28),
(291, 'Xã Thanh Mỹ', 28),
(292, 'Phường Trung Sơn Trầm', 28),
(293, 'Xã Kim Sơn', 28),
(294, 'Xã Sơn Đông', 28),
(295, 'Xã Cổ Đông', 28),
(296, 'Thị trấn Tây Đằng', 29),
(297, 'Xã Phú Cường', 29),
(298, 'Xã Cổ Đô', 29),
(299, 'Xã Tản Hồng', 29),
(300, 'Xã Vạn Thắng', 29),
(301, 'Xã Châu Sơn', 29),
(302, 'Xã Phong Vân', 29),
(303, 'Xã Phú Đông', 29),
(304, 'Xã Phú Phương', 29),
(305, 'Xã Phú Châu', 29),
(306, 'Xã Thái Hòa', 29),
(307, 'Xã Đồng Thái', 29),
(308, 'Xã Phú Sơn', 29),
(309, 'Xã Minh Châu', 29),
(310, 'Xã Vật Lại', 29),
(311, 'Xã Chu Minh', 29),
(312, 'Xã Tòng Bạt', 29),
(313, 'Xã Cẩm Lĩnh', 29),
(314, 'Xã Sơn Đà', 29),
(315, 'Xã Đông Quang', 29),
(316, 'Xã Tiên Phong', 29),
(317, 'Xã Thụy An', 29),
(318, 'Xã Cam Thượng', 29),
(319, 'Xã Thuần Mỹ', 29),
(320, 'Xã Tản Lĩnh', 29),
(321, 'Xã Ba Trại', 29),
(322, 'Xã Minh Quang', 29),
(323, 'Xã Ba Vì', 29),
(324, 'Xã Vân Hòa', 29),
(325, 'Xã Yên Bài', 29),
(326, 'Xã Khánh Thượng', 29),
(327, 'Thị trấn Phúc Thọ', 30),
(328, 'Xã Vân Hà', 30),
(329, 'Xã Vân Phúc', 30),
(330, 'Xã Vân Nam', 30),
(331, 'Xã Xuân Đình', 30),
(332, 'Xã Sen Phương', 30),
(333, 'Xã Võng Xuyên', 30),
(334, 'Xã Thọ Lộc', 30),
(335, 'Xã Long Xuyên', 30),
(336, 'Xã Thượng Cốc', 30),
(337, 'Xã Hát Môn', 30),
(338, 'Xã Tích Giang', 30),
(339, 'Xã Thanh Đa', 30),
(340, 'Xã Trạch Mỹ Lộc', 30),
(341, 'Xã Phúc Hòa', 30),
(342, 'Xã Ngọc Tảo', 30),
(343, 'Xã Phụng Thượng', 30),
(344, 'Xã Tam Thuấn', 30),
(345, 'Xã Tam Hiệp', 30),
(346, 'Xã Hiệp Thuận', 30),
(347, 'Xã Liên Hiệp', 30),
(348, 'Thị trấn Phùng', 31),
(349, 'Xã Trung Châu', 31),
(350, 'Xã Thọ An', 31),
(351, 'Xã Thọ Xuân', 31),
(352, 'Xã Hồng Hà', 31),
(353, 'Xã Liên Hồng', 31),
(354, 'Xã Liên Hà', 31),
(355, 'Xã Hạ Mỗ', 31),
(356, 'Xã Liên Trung', 31),
(357, 'Xã Phương Đình', 31),
(358, 'Xã Thượng Mỗ', 31),
(359, 'Xã Tân Hội', 31),
(360, 'Xã Tân Lập', 31),
(361, 'Xã Đan Phượng', 31),
(362, 'Xã Đồng Tháp', 31),
(363, 'Xã Song Phượng', 31),
(364, 'Thị trấn Trạm Trôi', 32),
(365, 'Xã Đức Thượng', 32),
(366, 'Xã Minh Khai', 32),
(367, 'Xã Dương Liễu', 32),
(368, 'Xã Di Trạch', 32),
(369, 'Xã Đức Giang', 32),
(370, 'Xã Cát Quế', 32),
(371, 'Xã Kim Chung', 32),
(372, 'Xã Yên Sở', 32),
(373, 'Xã Sơn Đồng', 32),
(374, 'Xã Vân Canh', 32),
(375, 'Xã Đắc Sở', 32),
(376, 'Xã Lại Yên', 32),
(377, 'Xã Tiền Yên', 32),
(378, 'Xã Song Phương', 32),
(379, 'Xã An Khánh', 32),
(380, 'Xã An Thượng', 32),
(381, 'Xã Vân Côn', 32),
(382, 'Xã La Phù', 32),
(383, 'Xã Đông La', 32),
(384, 'Xã Đông Xuân', 33),
(385, 'Thị trấn Quốc Oai', 33),
(386, 'Xã Sài Sơn', 33),
(387, 'Xã Phượng Cách', 33),
(388, 'Xã Yên Sơn', 33),
(389, 'Xã Ngọc Liệp', 33),
(390, 'Xã Ngọc Mỹ', 33),
(391, 'Xã Liệp Tuyết', 33),
(392, 'Xã Thạch Thán', 33),
(393, 'Xã Đồng Quang', 33),
(394, 'Xã Phú Cát', 33),
(395, 'Xã Tuyết Nghĩa', 33),
(396, 'Xã Nghĩa Hương', 33),
(397, 'Xã Cộng Hòa', 33),
(398, 'Xã Tân Phú', 33),
(399, 'Xã Đại Thành', 33),
(400, 'Xã Phú Mãn', 33),
(401, 'Xã Cấn Hữu', 33),
(402, 'Xã Tân Hòa', 33),
(403, 'Xã Hòa Thạch', 33),
(404, 'Xã Đông Yên', 33),
(405, 'Xã Yên Trung', 34),
(406, 'Xã Yên Bình', 34),
(407, 'Xã Tiến Xuân', 34),
(408, 'Thị trấn Liên Quan', 34),
(409, 'Xã Đại Đồng', 34),
(410, 'Xã Cẩm Yên', 34),
(411, 'Xã Lại Thượng', 34),
(412, 'Xã Phú Kim', 34),
(413, 'Xã Hương Ngải', 34),
(414, 'Xã Canh Nậu', 34),
(415, 'Xã Kim Quan', 34),
(416, 'Xã Dị Nậu', 34),
(417, 'Xã Bình Yên', 34),
(418, 'Xã Chàng Sơn', 34),
(419, 'Xã Thạch Hoà', 34),
(420, 'Xã Cần Kiệm', 34),
(421, 'Xã Hữu Bằng', 34),
(422, 'Xã Phùng Xá', 34),
(423, 'Xã Tân Xã', 34),
(424, 'Xã Thạch Xá', 34),
(425, 'Xã Bình Phú', 34),
(426, 'Xã Hạ Bằng', 34),
(427, 'Xã Đồng Trúc', 34),
(428, 'Thị trấn Chúc Sơn', 35),
(429, 'Thị trấn Xuân Mai', 35),
(430, 'Xã Phụng Châu', 35),
(431, 'Xã Tiên Phương', 35),
(432, 'Xã Đông Sơn', 35),
(433, 'Xã Đông Phương Yên', 35),
(434, 'Xã Phú Nghĩa', 35),
(435, 'Xã Trường Yên', 35),
(436, 'Xã Ngọc Hòa', 35),
(437, 'Xã Thủy Xuân Tiên', 35),
(438, 'Xã Thanh Bình', 35),
(439, 'Xã Trung Hòa', 35),
(440, 'Xã Đại Yên', 35),
(441, 'Xã Thụy Hương', 35),
(442, 'Xã Tốt Động', 35),
(443, 'Xã Lam Điền', 35),
(444, 'Xã Tân Tiến', 35),
(445, 'Xã Nam Phương Tiến', 35),
(446, 'Xã Hợp Đồng', 35),
(447, 'Xã Hoàng Văn Thụ', 35),
(448, 'Xã Hoàng Diệu', 35),
(449, 'Xã Hữu Văn', 35),
(450, 'Xã Quảng Bị', 35),
(451, 'Xã Mỹ Lương', 35),
(452, 'Xã Thượng Vực', 35),
(453, 'Xã Hồng Phong', 35),
(454, 'Xã Đồng Phú', 35),
(455, 'Xã Trần Phú', 35),
(456, 'Xã Văn Võ', 35),
(457, 'Xã Đồng Lạc', 35),
(458, 'Xã Hòa Chính', 35),
(459, 'Xã Phú Nam An', 35),
(460, 'Thị trấn Kim Bài', 36),
(461, 'Xã Cự Khê', 36),
(462, 'Xã Bích Hòa', 36),
(463, 'Xã Mỹ Hưng', 36),
(464, 'Xã Cao Viên', 36),
(465, 'Xã Bình Minh', 36),
(466, 'Xã Tam Hưng', 36),
(467, 'Xã Thanh Cao', 36),
(468, 'Xã Thanh Thùy', 36),
(469, 'Xã Thanh Mai', 36),
(470, 'Xã Thanh Văn', 36),
(471, 'Xã Đỗ Động', 36),
(472, 'Xã Kim An', 36),
(473, 'Xã Kim Thư', 36),
(474, 'Xã Phương Trung', 36),
(475, 'Xã Tân Ước', 36),
(476, 'Xã Dân Hòa', 36),
(477, 'Xã Liên Châu', 36),
(478, 'Xã Cao Dương', 36),
(479, 'Xã Xuân Dương', 36),
(480, 'Xã Hồng Dương', 36),
(481, 'Thị trấn Thường Tín', 37),
(482, 'Xã Ninh Sở', 37),
(483, 'Xã Nhị Khê', 37),
(484, 'Xã Duyên Thái', 37),
(485, 'Xã Khánh Hà', 37),
(486, 'Xã Hòa Bình', 37),
(487, 'Xã Văn Bình', 37),
(488, 'Xã Hiền Giang', 37),
(489, 'Xã Hồng Vân', 37),
(490, 'Xã Vân Tảo', 37),
(491, 'Xã Liên Phương', 37),
(492, 'Xã Văn Phú', 37),
(493, 'Xã Tự Nhiên', 37),
(494, 'Xã Tiền Phong', 37),
(495, 'Xã Hà Hồi', 37),
(496, 'Xã Thư Phú', 37),
(497, 'Xã Nguyễn Trãi', 37),
(498, 'Xã Quất Động', 37),
(499, 'Xã Chương Dương', 37),
(500, 'Xã Tân Minh', 37),
(501, 'Xã Lê Lợi', 37),
(502, 'Xã Thắng Lợi', 37),
(503, 'Xã Dũng Tiến', 37),
(504, 'Xã Thống Nhất', 37),
(505, 'Xã Nghiêm Xuyên', 37),
(506, 'Xã Tô Hiệu', 37),
(507, 'Xã Văn Tự', 37),
(508, 'Xã Vạn Điểm', 37),
(509, 'Xã Minh Cường', 37),
(510, 'Thị trấn Phú Minh', 38),
(511, 'Thị trấn Phú Xuyên', 38),
(512, 'Xã Hồng Minh', 38),
(513, 'Xã Phượng Dực', 38),
(514, 'Xã Nam Tiến', 38),
(515, 'Xã Tri Trung', 38),
(516, 'Xã Đại Thắng', 38),
(517, 'Xã Phú Túc', 38),
(518, 'Xã Văn Hoàng', 38),
(519, 'Xã Hồng Thái', 38),
(520, 'Xã Hoàng Long', 38),
(521, 'Xã Quang Trung', 38),
(522, 'Xã Nam Phong', 38),
(523, 'Xã Nam Triều', 38),
(524, 'Xã Tân Dân', 38),
(525, 'Xã Sơn Hà', 38),
(526, 'Xã Chuyên Mỹ', 38),
(527, 'Xã Khai Thái', 38),
(528, 'Xã Phúc Tiến', 38),
(529, 'Xã Vân Từ', 38),
(530, 'Xã Tri Thủy', 38),
(531, 'Xã Đại Xuyên', 38),
(532, 'Xã Phú Yên', 38),
(533, 'Xã Bạch Hạ', 38),
(534, 'Xã Quang Lãng', 38),
(535, 'Xã Châu Can', 38),
(536, 'Xã Minh Tân', 38),
(537, 'Thị trấn Vân Đình', 39),
(538, 'Xã Viên An', 39),
(539, 'Xã Viên Nội', 39),
(540, 'Xã Hoa Sơn', 39),
(541, 'Xã Quảng Phú Cầu', 39),
(542, 'Xã Trường Thịnh', 39),
(543, 'Xã Cao Thành', 39),
(544, 'Xã Liên Bạt', 39),
(545, 'Xã Sơn Công', 39),
(546, 'Xã Đồng Tiến', 39),
(547, 'Xã Phương Tú', 39),
(548, 'Xã Trung Tú', 39),
(549, 'Xã Đồng Tân', 39),
(550, 'Xã Tảo Dương Văn', 39),
(551, 'Xã Vạn Thái', 39),
(552, 'Xã Minh Đức', 39),
(553, 'Xã Hòa Lâm', 39),
(554, 'Xã Hòa Xá', 39),
(555, 'Xã Trầm Lộng', 39),
(556, 'Xã Kim Đường', 39),
(557, 'Xã Hòa Nam', 39),
(558, 'Xã Hòa Phú', 39),
(559, 'Xã Đội Bình', 39),
(560, 'Xã Đại Hùng', 39),
(561, 'Xã Đông Lỗ', 39),
(562, 'Xã Phù Lưu', 39),
(563, 'Xã Đại Cường', 39),
(564, 'Xã Lưu Hoàng', 39),
(565, 'Xã Hồng Quang', 39),
(566, 'Thị trấn Đại Nghĩa', 40),
(567, 'Xã Đồng Tâm', 40),
(568, 'Xã Thượng Lâm', 40),
(569, 'Xã Tuy Lai', 40),
(570, 'Xã Phúc Lâm', 40),
(571, 'Xã Mỹ Thành', 40),
(572, 'Xã Bột Xuyên', 40),
(573, 'Xã An Mỹ', 40),
(574, 'Xã Hồng Sơn', 40),
(575, 'Xã Lê Thanh', 40),
(576, 'Xã Xuy Xá', 40),
(577, 'Xã Phùng Xá', 40),
(578, 'Xã Phù Lưu Tế', 40),
(579, 'Xã Đại Hưng', 40),
(580, 'Xã Vạn Kim', 40),
(581, 'Xã Đốc Tín', 40),
(582, 'Xã Hương Sơn', 40),
(583, 'Xã Hùng Tiến', 40),
(584, 'Xã An Tiến', 40),
(585, 'Xã Hợp Tiến', 40),
(586, 'Xã Hợp Thanh', 40),
(587, 'Xã An Phú', 40),
(588, 'Phường Quang Trung', 41),
(589, 'Phường Trần Phú', 41),
(590, 'Phường Ngọc Hà', 41),
(591, 'Phường Nguyễn Trãi', 41),
(592, 'Phường Minh Khai', 41),
(593, 'Xã Ngọc Đường', 41),
(594, 'Xã Phương Độ', 41),
(595, 'Xã Phương Thiện', 41),
(596, 'Thị trấn Phó Bảng', 42),
(597, 'Xã Lũng Cú', 42),
(598, 'Xã Má Lé', 42),
(599, 'Thị trấn Đồng Văn', 42),
(600, 'Xã Lũng Táo', 42),
(601, 'Xã Phố Là', 42),
(602, 'Xã Thài Phìn Tủng', 42),
(603, 'Xã Sủng Là', 42),
(604, 'Xã Xà Phìn', 42),
(605, 'Xã Tả Phìn', 42),
(606, 'Xã Tả Lủng', 42),
(607, 'Xã Phố Cáo', 42),
(608, 'Xã Sính Lủng', 42),
(609, 'Xã Sảng Tủng', 42),
(610, 'Xã Lũng Thầu', 42),
(611, 'Xã Hố Quáng Phìn', 42),
(612, 'Xã Vần Chải', 42),
(613, 'Xã Lũng Phìn', 42),
(614, 'Xã Sủng Trái', 42),
(615, 'Thị trấn Mèo Vạc', 43),
(616, 'Xã Thượng Phùng', 43),
(617, 'Xã Pải Lủng', 43),
(618, 'Xã Xín Cái', 43),
(619, 'Xã Pả Vi', 43),
(620, 'Xã Giàng Chu Phìn', 43),
(621, 'Xã Sủng Trà', 43),
(622, 'Xã Sủng Máng', 43),
(623, 'Xã Sơn Vĩ', 43),
(624, 'Xã Tả Lủng', 43),
(625, 'Xã Cán Chu Phìn', 43),
(626, 'Xã Lũng Pù', 43),
(627, 'Xã Lũng Chinh', 43),
(628, 'Xã Tát Ngà', 43),
(629, 'Xã Nậm Ban', 43),
(630, 'Xã Khâu Vai', 43),
(631, 'Xã Niêm Tòng', 43),
(632, 'Xã Niêm Sơn', 43),
(633, 'Thị trấn Yên Minh', 44),
(634, 'Xã Thắng Mố', 44),
(635, 'Xã Thắng Mố', 44),
(636, 'Xã Phú Lũng', 44),
(637, 'Xã Sủng Tráng', 44),
(638, 'Xã Bạch Đích', 44),
(639, 'Xã Na Khê', 44),
(640, 'Xã Sủng Thài', 44),
(641, 'Xã Hữu Vinh', 44),
(642, 'Xã Lao Và Chải', 44),
(643, 'Xã Mậu Duệ', 44),
(644, 'Xã Đông Minh', 44),
(645, 'Xã Mậu Long', 44),
(646, 'Xã Ngam La', 44),
(647, 'Xã Ngọc Long', 44),
(648, 'Xã Đường Thượng', 44),
(649, 'Xã Lũng Hồ', 44),
(650, 'Xã Du Tiến', 44),
(651, 'Xã Du Già', 44),
(652, 'Thị trấn Tam Sơn', 45),
(653, 'Xã Bát Đại Sơn', 45),
(654, 'Xã Nghĩa Thuận', 45),
(655, 'Xã Cán Tỷ', 45),
(656, 'Xã Cao Mã Pờ', 45),
(657, 'Xã Thanh Vân', 45),
(658, 'Xã Tùng Vài', 45),
(659, 'Xã Đông Hà', 45),
(660, 'Xã Quản Bạ', 45),
(661, 'Xã Lùng Tám', 45),
(662, 'Xã Quyết Tiến', 45),
(663, 'Xã Tả Ván', 45),
(664, 'Xã Thái An', 45),
(665, 'Xã Kim Thạch', 46),
(666, 'Xã Phú Linh', 46),
(667, 'Xã Kim Linh', 46),
(668, 'Thị trấn Vị Xuyên', 46),
(669, 'Thị trấn Nông Trường Việt Lâm', 46),
(670, 'Xã Minh Tân', 46),
(671, 'Xã Thuận Hoà', 46),
(672, 'Xã Tùng Bá', 46),
(673, 'Xã Thanh Thủy', 46),
(674, 'Xã Thanh Đức', 46),
(675, 'Xã Phong Quang', 46),
(676, 'Xã Xín Chải', 46),
(677, 'Xã Phương Tiến', 46),
(678, 'Xã Lao Chải', 46),
(679, 'Xã Cao Bồ', 46),
(680, 'Xã Đạo Đức', 46),
(681, 'Xã Thượng Sơn', 46),
(682, 'Xã Linh Hồ', 46),
(683, 'Xã Quảng Ngần', 46),
(684, 'Xã Việt Lâm', 46),
(685, 'Xã Ngọc Linh', 46),
(686, 'Xã Ngọc Minh', 46),
(687, 'Xã Bạch Ngọc', 46),
(688, 'Xã Trung Thành', 46),
(689, 'Xã Minh Sơn', 47),
(690, 'Xã Giáp Trung', 47),
(691, 'Xã Yên Định', 47),
(692, 'Thị trấn Yên Phú', 47),
(693, 'Xã Minh Ngọc', 47),
(694, 'Xã Yên Phong', 47),
(695, 'Xã Lạc Nông', 47),
(696, 'Xã Phú Nam', 47),
(697, 'Xã Yên Cường', 47),
(698, 'Xã Thượng Tân', 47),
(699, 'Xã Đường Âm', 47),
(700, 'Xã Đường Hồng', 47),
(701, 'Xã Phiêng Luông', 47),
(702, 'Thị trấn Vinh Quang', 48),
(703, 'Xã Bản Máy', 48),
(704, 'Xã Thàng Tín', 48),
(705, 'Xã Thèn Chu Phìn', 48),
(706, 'Xã Pố Lồ', 48),
(707, 'Xã Bản Phùng', 48),
(708, 'Xã Túng Sán', 48),
(709, 'Xã Chiến Phố', 48),
(710, 'Xã Đản Ván', 48),
(711, 'Xã Tụ Nhân', 48),
(712, 'Xã Tân Tiến', 48),
(713, 'Xã Nàng Đôn', 48),
(714, 'Xã Pờ Ly Ngài', 48),
(715, 'Xã Sán Xả Hồ', 48),
(716, 'Xã Bản Luốc', 48),
(717, 'Xã Ngàm Đăng Vài', 48),
(718, 'Xã Bản Nhùng', 48),
(719, 'Xã Tả Sử Choóng', 48),
(720, 'Xã Nậm Dịch', 48),
(721, 'Xã Hồ Thầu', 48),
(722, 'Xã Nam Sơn', 48),
(723, 'Xã Nậm Tỵ', 48),
(724, 'Xã Thông Nguyên', 48),
(725, 'Xã Nậm Khòa', 48),
(726, 'Thị trấn Cốc Pài', 49),
(727, 'Xã Nàn Xỉn', 49),
(728, 'Xã Bản Díu', 49),
(729, 'Xã Chí Cà', 49),
(730, 'Xã Xín Mần', 49),
(731, 'Xã Thèn Phàng', 49),
(732, 'Xã Trung Thịnh', 49),
(733, 'Xã Pà Vầy Sủ', 49),
(734, 'Xã Cốc Rế', 49),
(735, 'Xã Thu Tà', 49),
(736, 'Xã Nàn Ma', 49),
(737, 'Xã Tả Nhìu', 49),
(738, 'Xã Bản Ngò', 49),
(739, 'Xã Chế Là', 49),
(740, 'Xã Nấm Dẩn', 49),
(741, 'Xã Quảng Nguyên', 49),
(742, 'Xã Nà Chì', 49),
(743, 'Xã Khuôn Lùng', 49),
(744, 'Thị trấn Việt Quang', 50),
(745, 'Thị trấn Vĩnh Tuy', 50),
(746, 'Xã Tân Lập', 50),
(747, 'Xã Tân Thành', 50),
(748, 'Xã Đồng Tiến', 50),
(749, 'Xã Đồng Tâm', 50),
(750, 'Xã Tân Quang', 50),
(751, 'Xã Thượng Bình', 50),
(752, 'Xã Hữu Sản', 50),
(753, 'Xã Kim Ngọc', 50),
(754, 'Xã Việt Vinh', 50),
(755, 'Xã Bằng Hành', 50),
(756, 'Xã Quang Minh', 50),
(757, 'Xã Liên Hiệp', 50),
(758, 'Xã Vô Điếm', 50),
(759, 'Xã Việt Hồng', 50),
(760, 'Xã Hùng An', 50),
(761, 'Xã Đức Xuân', 50),
(762, 'Xã Tiên Kiều', 50),
(763, 'Xã Vĩnh Hảo', 50),
(764, 'Xã Vĩnh Phúc', 50),
(765, 'Xã Đồng Yên', 50),
(766, 'Xã Đông Thành', 50),
(767, 'Xã Xuân Minh', 51),
(768, 'Xã Tiên Nguyên', 51),
(769, 'Xã Tân Nam', 51),
(770, 'Xã Bản Rịa', 51),
(771, 'Xã Yên Thành', 51),
(772, 'Thị trấn Yên Bình', 51),
(773, 'Xã Tân Trịnh', 51),
(774, 'Xã Tân Bắc', 51),
(775, 'Xã Bằng Lang', 51),
(776, 'Xã Yên Hà', 51),
(777, 'Xã Hương Sơn', 51),
(778, 'Xã Xuân Giang', 51),
(779, 'Xã Nà Khương', 51),
(780, 'Xã Tiên Yên', 51),
(781, 'Phường Sông Hiến', 52),
(782, 'Phường Sông Bằng', 52),
(783, 'Phường Hợp Giang', 52),
(784, 'Phường Tân Giang', 52),
(785, 'Phường Ngọc Xuân', 52),
(786, 'Phường Đề Thám', 52),
(787, 'Phường Hoà Chung', 52),
(788, 'Phường Duyệt Trung', 52),
(789, 'Xã Vĩnh Quang', 52),
(790, 'Xã Hưng Đạo', 52),
(791, 'Xã Chu Trinh', 52),
(792, 'Thị trấn Pác Miầu', 53),
(793, 'Xã Đức Hạnh', 53),
(794, 'Xã Lý Bôn', 53),
(795, 'Xã Nam Cao', 53),
(796, 'Xã Nam Quang', 53),
(797, 'Xã Vĩnh Quang', 53),
(798, 'Xã Quảng Lâm', 53),
(799, 'Xã Thạch Lâm', 53),
(800, 'Xã Vĩnh Phong', 53),
(801, 'Xã Mông Ân', 53),
(802, 'Xã Thái Học', 53),
(803, 'Xã Thái Sơn', 53),
(804, 'Xã Yên Thổ', 53),
(805, 'Thị trấn Bảo Lạc', 54),
(806, 'Xã Cốc Pàng', 54),
(807, 'Xã Thượng Hà', 54),
(808, 'Xã Cô Ba', 54),
(809, 'Xã Bảo Toàn', 54),
(810, 'Xã Khánh Xuân', 54),
(811, 'Xã Xuân Trường', 54),
(812, 'Xã Hồng Trị', 54),
(813, 'Xã Kim Cúc', 54),
(814, 'Xã Phan Thanh', 54),
(815, 'Xã Hồng An', 54),
(816, 'Xã Hưng Đạo', 54),
(817, 'Xã Hưng Thịnh', 54),
(818, 'Xã Huy Giáp', 54),
(819, 'Xã Đình Phùng', 54),
(820, 'Xã Sơn Lập', 54),
(821, 'Xã Sơn Lộ', 54),
(822, 'Thị trấn Thông Nông', 55),
(823, 'Xã Cần Yên', 55),
(824, 'Xã Cần Nông', 55),
(825, 'Xã Lương Thông', 55),
(826, 'Xã Đa Thông', 55),
(827, 'Xã Ngọc Động', 55),
(828, 'Xã Yên Sơn', 55),
(829, 'Xã Lương Can', 55),
(830, 'Xã Thanh Long', 55),
(831, 'Thị trấn Xuân Hòa', 55),
(832, 'Xã Lũng Nặm', 55),
(833, 'Xã Trường Hà', 55),
(834, 'Xã Cải Viên', 55),
(835, 'Xã Nội Thôn', 55),
(836, 'Xã Tổng Cọt', 55),
(837, 'Xã Sóc Hà', 55),
(838, 'Xã Thượng Thôn', 55),
(839, 'Xã Hồng Sỹ', 55),
(840, 'Xã Quý Quân', 55),
(841, 'Xã Mã Ba', 55),
(842, 'Xã Ngọc Đào', 55),
(843, 'Thị trấn Trà Lĩnh', 56),
(844, 'Xã Tri Phương', 56),
(845, 'Xã Quang Hán', 56),
(846, 'Xã Xuân Nội', 56),
(847, 'Xã Quang Trung', 56),
(848, 'Xã Quang Vinh', 56),
(849, 'Xã Cao Chương', 56),
(850, 'Thị trấn Trùng Khánh', 56),
(851, 'Xã Ngọc Khê', 56),
(852, 'Xã Ngọc Côn', 56),
(853, 'Xã Phong Nậm', 56),
(854, 'Xã Đình Phong', 56),
(855, 'Xã Đàm Thuỷ', 56),
(856, 'Xã Khâm Thành', 56),
(857, 'Xã Chí Viễn', 56),
(858, 'Xã Lăng Hiếu', 56),
(859, 'Xã Phong Châu', 56),
(860, 'Xã Trung Phúc', 56),
(861, 'Xã Cao Thăng', 56),
(862, 'Xã Đức Hồng', 56),
(863, 'Xã Đoài Dương', 56),
(864, 'Xã Minh Long', 57),
(865, 'Xã Lý Quốc', 57),
(866, 'Xã Thắng Lợi', 57),
(867, 'Xã Đồng Loan', 57),
(868, 'Xã Đức Quang', 57),
(869, 'Xã Kim Loan', 57),
(870, 'Xã Quang Long', 57),
(871, 'Xã An Lạc', 57),
(872, 'Thị trấn Thanh Nhật', 57),
(873, 'Xã Vinh Quý', 57),
(874, 'Xã Thống Nhất', 57),
(875, 'Xã Cô Ngân', 57),
(876, 'Xã Thị Hoa', 57),
(877, 'Xã Quốc Toản', 58),
(878, 'Thị trấn Quảng Uyên', 58),
(879, 'Xã Phi Hải', 58),
(880, 'Xã Quảng Hưng', 58),
(881, 'Xã Độc Lập', 58),
(882, 'Xã Cai Bộ', 58),
(883, 'Xã Phúc Sen', 58),
(884, 'Xã Chí Thảo', 58),
(885, 'Xã Tự Do', 58),
(886, 'Xã Hồng Quang', 58),
(887, 'Xã Ngọc Động', 58),
(888, 'Xã Hạnh Phúc', 58),
(889, 'Thị trấn Tà Lùng', 58),
(890, 'Xã Bế Văn Đàn', 58),
(891, 'Xã Cách Linh', 58),
(892, 'Xã Đại Sơn', 58),
(893, 'Xã Tiên Thành', 58),
(894, 'Thị trấn Hoà Thuận', 58),
(895, 'Xã Mỹ Hưng', 58),
(896, 'Thị trấn Nước Hai', 59),
(897, 'Xã Dân Chủ', 59),
(898, 'Xã Nam Tuấn', 59),
(899, 'Xã Đại Tiến', 59),
(900, 'Xã Đức Long', 59),
(901, 'Xã Ngũ Lão', 59),
(902, 'Xã Trương Lương', 59),
(903, 'Xã Hồng Việt', 59),
(904, 'Xã Hoàng Tung', 59),
(905, 'Xã Nguyễn Huệ', 59),
(906, 'Xã Quang Trung', 59),
(907, 'Xã Bạch Đằng', 59),
(908, 'Xã Bình Dương', 59),
(909, 'Xã Lê Chung', 59),
(910, 'Xã Hồng Nam', 59),
(911, 'Thị trấn Nguyên Bình', 60),
(912, 'Thị trấn Tĩnh Túc', 60),
(913, 'Xã Yên Lạc', 60),
(914, 'Xã Triệu Nguyên', 60),
(915, 'Xã Ca Thành', 60),
(916, 'Xã Vũ Nông', 60),
(917, 'Xã Minh Tâm', 60),
(918, 'Xã Thể Dục', 60),
(919, 'Xã Mai Long', 60),
(920, 'Xã Vũ Minh', 60),
(921, 'Xã Hoa Thám', 60),
(922, 'Xã Phan Thanh', 60),
(923, 'Xã Quang Thành', 60),
(924, 'Xã Tam Kim', 60),
(925, 'Xã Thành Công', 60),
(926, 'Xã Thịnh Vượng', 60),
(927, 'Xã Hưng Đạo', 60),
(928, 'Thị trấn Đông Khê', 61),
(929, 'Xã Canh Tân', 61),
(930, 'Xã Kim Đồng', 61),
(931, 'Xã Minh Khai', 61),
(932, 'Xã Đức Thông', 61),
(933, 'Xã Thái Cường', 61),
(934, 'Xã Vân Trình', 61),
(935, 'Xã Thụy Hùng', 61),
(936, 'Xã Quang Trọng', 61),
(937, 'Xã Trọng Con', 61),
(938, 'Xã Lê Lai', 61),
(939, 'Xã Đức Long', 61),
(940, 'Xã Lê Lợi', 61),
(941, 'Xã Đức Xuân', 61),
(942, 'Phường Nguyễn Thị Minh Khai', 62),
(943, 'Phường Sông Cầu', 62),
(944, 'Phường Đức Xuân', 62),
(945, 'Phường Phùng Chí Kiên', 62),
(946, 'Phường Huyền Tụng', 62),
(947, 'Xã Dương Quang', 62),
(948, 'Xã Nông Thượng', 62),
(949, 'Phường Xuất Hóa', 62),
(950, 'Xã Bằng Thành', 63),
(951, 'Xã Nhạn Môn', 63),
(952, 'Xã Bộc Bố', 63),
(953, 'Xã Công Bằng', 63),
(954, 'Xã Giáo Hiệu', 63),
(955, 'Xã Xuân La', 63),
(956, 'Xã An Thắng', 63),
(957, 'Xã Cổ Linh', 63),
(958, 'Xã Nghiên Loan', 63),
(959, 'Xã Cao Tân', 63),
(960, 'Thị trấn Chợ Rã', 64),
(961, 'Xã Bành Trạch', 64),
(962, 'Xã Phúc Lộc', 64),
(963, 'Xã Hà Hiệu', 64),
(964, 'Xã Cao Thượng', 64),
(965, 'Xã Khang Ninh', 64),
(966, 'Xã Nam Mẫu', 64),
(967, 'Xã Thượng Giáo', 64),
(968, 'Xã Địa Linh', 64),
(969, 'Xã Yến Dương', 64),
(970, 'Xã Chu Hương', 64),
(971, 'Xã Quảng Khê', 64),
(972, 'Xã Mỹ Phương', 64),
(973, 'Xã Hoàng Trĩ', 64),
(974, 'Xã Đồng Phúc', 64),
(975, 'Thị trấn Nà Phặc', 65),
(976, 'Xã Thượng Ân', 65),
(977, 'Xã Bằng Vân', 65),
(978, 'Xã Cốc Đán', 65),
(979, 'Xã Trung Hoà', 65),
(980, 'Xã Đức Vân', 65),
(981, 'Xã Vân Tùng', 65),
(982, 'Xã Thượng Quan', 65),
(983, 'Xã Hiệp Lực', 65),
(984, 'Xã Thuần Mang', 65),
(985, 'Thị trấn Phủ Thông', 66),
(986, 'Xã Vi Hương', 66),
(987, 'Xã Sĩ Bình', 66),
(988, 'Xã Vũ Muộn', 66),
(989, 'Xã Đôn Phong', 66),
(990, 'Xã Lục Bình', 66),
(991, 'Xã Tân Tú', 66),
(992, 'Xã Nguyên Phúc', 66),
(993, 'Xã Cao Sơn', 66),
(994, 'Xã Quân Hà', 66),
(995, 'Xã Cẩm Giàng', 66),
(996, 'Xã Mỹ Thanh', 66),
(997, 'Xã Dương Phong', 66),
(998, 'Xã Quang Thuận', 66),
(999, 'Thị trấn Bằng Lũng', 67),
(1000, 'Xã Xuân Lạc', 67),
(1001, 'Xã Nam Cường', 67),
(1002, 'Xã Đồng Lạc', 67),
(1003, 'Xã Tân Lập', 67),
(1004, 'Xã Bản Thi', 67),
(1005, 'Xã Quảng Bạch', 67),
(1006, 'Xã Bằng Phúc', 67),
(1007, 'Xã Yên Thịnh', 67),
(1008, 'Xã Yên Thượng', 67),
(1009, 'Xã Phương Viên', 67),
(1010, 'Xã Ngọc Phái', 67),
(1011, 'Xã Đồng Thắng', 67),
(1012, 'Xã Lương Bằng', 67),
(1013, 'Xã Bằng Lãng', 67),
(1014, 'Xã Đại Sảo', 67),
(1015, 'Xã Nghĩa Tá', 67),
(1016, 'Xã Yên Mỹ', 67),
(1017, 'Xã Bình Trung', 67),
(1018, 'Xã Yên Phong', 67),
(1019, 'Thị trấn Đồng Tâm', 68),
(1020, 'Xã Tân Sơn', 68),
(1021, 'Xã Thanh Vận', 68),
(1022, 'Xã Mai Lạp', 68),
(1023, 'Xã Hoà Mục', 68),
(1024, 'Xã Thanh Mai', 68),
(1025, 'Xã Cao Kỳ', 68),
(1026, 'Xã Nông Hạ', 68),
(1027, 'Xã Yên Cư', 68),
(1028, 'Xã Thanh Thịnh', 68),
(1029, 'Xã Yên Hân', 68),
(1030, 'Xã Như Cố', 68),
(1031, 'Xã Bình Văn', 68),
(1032, 'Xã Quảng Chu', 68),
(1033, 'Xã Văn Vũ', 69),
(1034, 'Xã Văn Lang', 69),
(1035, 'Xã Lương Thượng', 69),
(1036, 'Xã Kim Hỷ', 69),
(1037, 'Xã Cường Lợi', 69),
(1038, 'Thị trấn Yến Lạc', 69),
(1039, 'Xã Kim Lư', 69),
(1040, 'Xã Sơn Thành', 69),
(1041, 'Xã Văn Minh', 69),
(1042, 'Xã Côn Minh', 69),
(1043, 'Xã Cư Lễ', 69),
(1044, 'Xã Trần Phú', 69),
(1045, 'Xã Quang Phong', 69),
(1046, 'Xã Dương Sơn', 69),
(1047, 'Xã Xuân Dương', 69),
(1048, 'Xã Đổng Xá', 69),
(1049, 'Xã Liêm Thuỷ', 69),
(1050, 'Phường Phan Thiết', 70),
(1051, 'Phường Minh Xuân', 70),
(1052, 'Phường Tân Quang', 70),
(1053, 'Xã Tràng Đà', 70),
(1054, 'Phường Nông Tiến', 70),
(1055, 'Phường Ỷ La', 70),
(1056, 'Phường Tân Hà', 70),
(1057, 'Phường Hưng Thành', 70),
(1058, 'Xã Kim Phú', 70),
(1059, 'Xã An Khang', 70),
(1060, 'Phường Mỹ Lâm', 70),
(1061, 'Phường An Tường', 70),
(1062, 'Xã Lưỡng Vượng', 70),
(1063, 'Xã Thái Long', 70),
(1064, 'Phường Đội Cấn', 70),
(1065, 'Xã Phúc Yên', 71),
(1066, 'Xã Xuân Lập', 71),
(1067, 'Xã Khuôn Hà', 71),
(1068, 'Thị trấn Lăng Can', 71),
(1069, 'Xã Thượng Lâm', 71),
(1070, 'Xã Bình An', 71),
(1071, 'Xã Hồng Quang', 71),
(1072, 'Xã Thổ Bình', 71),
(1073, 'Xã Phúc Sơn', 71),
(1074, 'Xã Minh Quang', 71),
(1075, 'Thị trấn Na Hang', 72),
(1076, 'Xã Sinh Long', 72),
(1077, 'Xã Thượng Giáp', 72),
(1078, 'Xã Thượng Nông', 72),
(1079, 'Xã Côn Lôn', 72),
(1080, 'Xã Yên Hoa', 72),
(1081, 'Xã Hồng Thái', 72),
(1082, 'Xã Đà Vị', 72),
(1083, 'Xã Khau Tinh', 72),
(1084, 'Xã Sơn Phú', 72),
(1085, 'Xã Năng Khả', 72),
(1086, 'Xã Thanh Tương', 72),
(1087, 'Thị trấn Vĩnh Lộc', 73),
(1088, 'Xã Trung Hà', 73),
(1089, 'Xã Tân Mỹ', 73),
(1090, 'Xã Hà Lang', 73),
(1091, 'Xã Hùng Mỹ', 73),
(1092, 'Xã Yên Lập', 73),
(1093, 'Xã Tân An', 73),
(1094, 'Xã Bình Phú', 73),
(1095, 'Xã Xuân Quang', 73),
(1096, 'Xã Ngọc Hội', 73),
(1097, 'Xã Phú Bình', 73),
(1098, 'Xã Hòa Phú', 73),
(1099, 'Xã Phúc Thịnh', 73),
(1100, 'Xã Kiên Đài', 73),
(1101, 'Xã Tân Thịnh', 73),
(1102, 'Xã Trung Hòa', 73),
(1103, 'Xã Kim Bình', 73),
(1104, 'Xã Hòa An', 73),
(1105, 'Xã Vinh Quang', 73),
(1106, 'Xã Tri Phú', 73),
(1107, 'Xã Nhân Lý', 73),
(1108, 'Xã Yên Nguyên', 73),
(1109, 'Xã Linh Phú', 73),
(1110, 'Xã Bình Nhân', 73),
(1111, 'Thị trấn Tân Yên', 74),
(1112, 'Xã Yên Thuận', 74),
(1113, 'Xã Bạch Xa', 74),
(1114, 'Xã Minh Khương', 74),
(1115, 'Xã Yên Lâm', 74),
(1116, 'Xã Minh Dân', 74),
(1117, 'Xã Phù Lưu', 74),
(1118, 'Xã Minh Hương', 74),
(1119, 'Xã Yên Phú', 74),
(1120, 'Xã Tân Thành', 74),
(1121, 'Xã Bình Xa', 74),
(1122, 'Xã Thái Sơn', 74),
(1123, 'Xã Nhân Mục', 74),
(1124, 'Xã Thành Long', 74),
(1125, 'Xã Bằng Cốc', 74),
(1126, 'Xã Thái Hòa', 74),
(1127, 'Xã Đức Ninh', 74),
(1128, 'Xã Hùng Đức', 74),
(1129, 'Xã Quí Quân', 75),
(1130, 'Xã Lực Hành', 75),
(1131, 'Xã Kiến Thiết', 75),
(1132, 'Xã Trung Minh', 75),
(1133, 'Xã Chiêu Yên', 75),
(1134, 'Xã Trung Trực', 75),
(1135, 'Xã Xuân Vân', 75),
(1136, 'Xã Phúc Ninh', 75),
(1137, 'Xã Hùng Lợi', 75),
(1138, 'Xã Trung Sơn', 75),
(1139, 'Xã Tân Tiến', 75),
(1140, 'Xã Tứ Quận', 75),
(1141, 'Xã Đạo Viện', 75),
(1142, 'Xã Tân Long', 75),
(1143, 'Thị trấn Yên Sơn', 75),
(1144, 'Xã Kim Quan', 75),
(1145, 'Xã Lang Quán', 75),
(1146, 'Xã Phú Thịnh', 75),
(1147, 'Xã Công Đa', 75),
(1148, 'Xã Trung Môn', 75),
(1149, 'Xã Chân Sơn', 75),
(1150, 'Xã Thái Bình', 75),
(1151, 'Xã Tiến Bộ', 75),
(1152, 'Xã Mỹ Bằng', 75),
(1153, 'Xã Hoàng Khai', 75),
(1154, 'Xã Nhữ Hán', 75),
(1155, 'Xã Nhữ Khê', 75),
(1156, 'Xã Đội Bình', 75),
(1157, 'Thị trấn Sơn Dương', 76),
(1158, 'Xã Trung Yên', 76),
(1159, 'Xã Minh Thanh', 76),
(1160, 'Xã Tân Trào', 76),
(1161, 'Xã Vĩnh Lợi', 76),
(1162, 'Xã Thượng Ấm', 76),
(1163, 'Xã Bình Yên', 76),
(1164, 'Xã Lương Thiện', 76),
(1165, 'Xã Tú Thịnh', 76),
(1166, 'Xã Cấp Tiến', 76),
(1167, 'Xã Hợp Thành', 76),
(1168, 'Xã Phúc Ứng', 76),
(1169, 'Xã Đông Thọ', 76),
(1170, 'Xã Kháng Nhật', 76),
(1171, 'Xã Hợp Hòa', 76),
(1172, 'Xã Quyết Thắng', 76),
(1173, 'Xã Đồng Quý', 76),
(1174, 'Xã Tân Thanh', 76),
(1175, 'Xã Vân Sơn', 76),
(1176, 'Xã Văn Phú', 76),
(1177, 'Xã Chi Thiết', 76),
(1178, 'Xã Đông Lợi', 76),
(1179, 'Xã Thiện Kế', 76),
(1180, 'Xã Hồng Lạc', 76),
(1181, 'Xã Phú Lương', 76),
(1182, 'Xã Ninh Lai', 76),
(1183, 'Xã Đại Phú', 76),
(1184, 'Xã Sơn Nam', 76),
(1185, 'Xã Hào Phú', 76),
(1186, 'Xã Tam Đa', 76),
(1187, 'Xã Trường Sinh', 76),
(1188, 'Phường Duyên Hải', 77),
(1189, 'Phường Lào Cai', 77),
(1190, 'Phường Cốc Lếu', 77),
(1191, 'Phường Kim Tân', 77),
(1192, 'Phường Bắc Lệnh', 77),
(1193, 'Phường Pom Hán', 77),
(1194, 'Phường Xuân Tăng', 77),
(1195, 'Phường Bình Minh', 77),
(1196, 'Xã Thống Nhất', 77),
(1197, 'Xã Đồng Tuyển', 77),
(1198, 'Xã Vạn Hoà', 77),
(1199, 'Phường Bắc Cường', 77),
(1200, 'Phường Nam Cường', 77),
(1201, 'Xã Cam Đường', 77),
(1202, 'Xã Tả Phời', 77),
(1203, 'Xã Hợp Thành', 77),
(1204, 'Xã Cốc San', 77),
(1205, 'Thị trấn Bát Xát', 78),
(1206, 'Xã A Mú Sung', 78),
(1207, 'Xã Nậm Chạc', 78),
(1208, 'Xã A Lù', 78),
(1209, 'Xã Trịnh Tường', 78),
(1210, 'Xã Y Tý', 78),
(1211, 'Xã Cốc Mỳ', 78),
(1212, 'Xã Dền Sáng', 78),
(1213, 'Xã Bản Vược', 78),
(1214, 'Xã Sàng Ma Sáo', 78),
(1215, 'Xã Bản Qua', 78),
(1216, 'Xã Mường Vi', 78),
(1217, 'Xã Dền Thàng', 78),
(1218, 'Xã Bản Xèo', 78),
(1219, 'Xã Mường Hum', 78),
(1220, 'Xã Trung Lèng Hồ', 78),
(1221, 'Xã Quang Kim', 78),
(1222, 'Xã Pa Cheo', 78),
(1223, 'Xã Nậm Pung', 78),
(1224, 'Xã Phìn Ngan', 78),
(1225, 'Xã Tòng Sành', 78),
(1226, 'Xã Pha Long', 79),
(1227, 'Xã Tả Ngải Chồ', 79),
(1228, 'Xã Tung Chung Phố', 79),
(1229, 'Thị trấn Mường Khương', 79),
(1230, 'Xã Dìn Chin', 79),
(1231, 'Xã Tả Gia Khâu', 79),
(1232, 'Xã Nậm Chảy', 79),
(1233, 'Xã Nấm Lư', 79),
(1234, 'Xã Lùng Khấu Nhin', 79),
(1235, 'Xã Thanh Bình', 79),
(1236, 'Xã Cao Sơn', 79),
(1237, 'Xã Lùng Vai', 79),
(1238, 'Xã Bản Lầu', 79),
(1239, 'Xã La Pan Tẩn', 79),
(1240, 'Xã Tả Thàng', 79),
(1241, 'Xã Bản Sen', 79),
(1242, 'Xã Nàn Sán', 80),
(1243, 'Xã Thào Chư Phìn', 80),
(1244, 'Xã Bản Mế', 80),
(1245, 'Thị trấn Si Ma Cai', 80),
(1246, 'Xã Sán Chải', 80),
(1247, 'Xã Lùng Thẩn', 80),
(1248, 'Xã Cán Cấu', 80),
(1249, 'Xã Sín Chéng', 80),
(1250, 'Xã Quan Hồ Thẩn', 80),
(1251, 'Xã Nàn Xín', 80),
(1252, 'Thị trấn Bắc Hà', 81),
(1253, 'Xã Lùng Cải', 81),
(1254, 'Xã Lùng Phình', 81),
(1255, 'Xã Tả Van Chư', 81),
(1256, 'Xã Tả Củ Tỷ', 81),
(1257, 'Xã Thải Giàng Phố', 81),
(1258, 'Xã Hoàng Thu Phố', 81),
(1259, 'Xã Bản Phố', 81),
(1260, 'Xã Bản Liền', 81),
(1261, 'Xã Tà Chải', 81),
(1262, 'Xã Na Hối', 81),
(1263, 'Xã Cốc Ly', 81),
(1264, 'Xã Nậm Mòn', 81),
(1265, 'Xã Nậm Đét', 81),
(1266, 'Xã Nậm Khánh', 81),
(1267, 'Xã Bảo Nhai', 81),
(1268, 'Xã Nậm Lúc', 81),
(1269, 'Xã Cốc Lầu', 81),
(1270, 'Xã Bản Cái', 81),
(1271, 'Thị trấn N.T Phong Hải', 82),
(1272, 'Thị trấn Phố Lu', 82),
(1273, 'Thị trấn Tằng Loỏng', 82),
(1274, 'Xã Bản Phiệt', 82),
(1275, 'Xã Bản Cầm', 82),
(1276, 'Xã Thái Niên', 82),
(1277, 'Xã Phong Niên', 82),
(1278, 'Xã Gia Phú', 82),
(1279, 'Xã Xuân Quang', 82),
(1280, 'Xã Sơn Hải', 82),
(1281, 'Xã Xuân Giao', 82),
(1282, 'Xã Trì Quang', 82),
(1283, 'Xã Sơn Hà', 82),
(1284, 'Xã Phú Nhuận', 82),
(1285, 'Thị trấn Phố Ràng', 83),
(1286, 'Xã Tân Tiến', 83),
(1287, 'Xã Nghĩa Đô', 83),
(1288, 'Xã Vĩnh Yên', 83),
(1289, 'Xã Điện Quan', 83),
(1290, 'Xã Xuân Hoà', 83),
(1291, 'Xã Tân Dương', 83),
(1292, 'Xã Thượng Hà', 83),
(1293, 'Xã Kim Sơn', 83),
(1294, 'Xã Cam Cọn', 83),
(1295, 'Xã Minh Tân', 83),
(1296, 'Xã Xuân Thượng', 83),
(1297, 'Xã Việt Tiến', 83),
(1298, 'Xã Yên Sơn', 83),
(1299, 'Xã Bảo Hà', 83),
(1300, 'Xã Lương Sơn', 83),
(1301, 'Xã Phúc Khánh', 83),
(1302, 'Phường Sa Pa', 84),
(1303, 'Phường Sa Pả', 84),
(1304, 'Phường Ô Quý Hồ', 84),
(1305, 'Xã Ngũ Chỉ Sơn', 84),
(1306, 'Phường Phan Si Păng', 84),
(1307, 'Xã Trung Chải', 84),
(1308, 'Xã Tả Phìn', 84),
(1309, 'Phường Hàm Rồng', 84),
(1310, 'Xã Hoàng Liên', 84),
(1311, 'Xã Thanh Bình', 84),
(1312, 'Phường Cầu Mây', 84),
(1313, 'Xã Mường Hoa', 84),
(1314, 'Xã Tả Van', 84),
(1315, 'Xã Mường Bo', 84),
(1316, 'Xã Bản Hồ', 84),
(1317, 'Xã Liên Minh', 84),
(1318, 'Thị trấn Khánh Yên', 85),
(1319, 'Xã Võ Lao', 85),
(1320, 'Xã Sơn Thuỷ', 85),
(1321, 'Xã Nậm Mả', 85),
(1322, 'Xã Tân Thượng', 85),
(1323, 'Xã Nậm Rạng', 85),
(1324, 'Xã Nậm Chầy', 85),
(1325, 'Xã Tân An', 85),
(1326, 'Xã Khánh Yên Thượng', 85),
(1327, 'Xã Nậm Xé', 85),
(1328, 'Xã Dần Thàng', 85),
(1329, 'Xã Chiềng Ken', 85),
(1330, 'Xã Làng Giàng', 85),
(1331, 'Xã Hoà Mạc', 85),
(1332, 'Xã Khánh Yên Trung', 85),
(1333, 'Xã Khánh Yên Hạ', 85),
(1334, 'Xã Dương Quỳ', 85),
(1335, 'Xã Nậm Tha', 85),
(1336, 'Xã Minh Lương', 85),
(1337, 'Xã Thẩm Dương', 85),
(1338, 'Xã Liêm Phú', 85),
(1339, 'Xã Nậm Xây', 85),
(1340, 'Phường Noong Bua', 86),
(1341, 'Phường Him Lam', 86),
(1342, 'Phường Thanh Bình', 86),
(1343, 'Phường Tân Thanh', 86),
(1344, 'Phường Mường Thanh', 86),
(1345, 'Phường Nam Thanh', 86),
(1346, 'Phường Thanh Trường', 86),
(1347, 'Xã Thanh Minh', 86),
(1348, 'Xã Nà Tấu', 86),
(1349, 'Xã Nà Nhạn', 86),
(1350, 'Xã Mường Phăng', 86),
(1351, 'Xã Pá Khoang', 86),
(1352, 'Phường Sông Đà', 87),
(1353, 'Phường Na Lay', 87),
(1354, 'Xã Lay Nưa', 87),
(1355, 'Xã Sín Thầu', 88),
(1356, 'Xã Sen Thượng', 88),
(1357, 'Xã Chung Chải', 88),
(1358, 'Xã Leng Su Sìn', 88),
(1359, 'Xã Pá Mỳ', 88),
(1360, 'Xã Mường Nhé', 88),
(1361, 'Xã Nậm Vì', 88),
(1362, 'Xã Nậm Kè', 88),
(1363, 'Xã Mường Toong', 88),
(1364, 'Xã Quảng Lâm', 88),
(1365, 'Xã Huổi Lếnh', 88),
(1366, 'Thị Trấn Mường Chà', 89),
(1367, 'Xã Xá Tổng', 89),
(1368, 'Xã Mường Tùng', 89),
(1369, 'Xã Hừa Ngài', 89),
(1370, 'Xã Huổi Mí', 89),
(1371, 'Xã Pa Ham', 89),
(1372, 'Xã Nậm Nèn', 89),
(1373, 'Xã Huổi Lèng', 89),
(1374, 'Xã Sa Lông', 89),
(1375, 'Xã Ma Thì Hồ', 89),
(1376, 'Xã Na Sang', 89),
(1377, 'Xã Mường Mươn', 89),
(1378, 'Thị trấn Tủa Chùa', 90),
(1379, 'Xã Huổi Só', 90),
(1380, 'Xã Xín Chải', 90),
(1381, 'Xã Tả Sìn Thàng', 90),
(1382, 'Xã Lao Xả Phình', 90),
(1383, 'Xã Tả Phìn', 90),
(1384, 'Xã Tủa Thàng', 90),
(1385, 'Xã Trung Thu', 90),
(1386, 'Xã Sính Phình', 90),
(1387, 'Xã Sáng Nhè', 90),
(1388, 'Xã Mường Đun', 90),
(1389, 'Xã Mường Báng', 90),
(1390, 'Thị trấn Tuần Giáo', 91),
(1391, 'Xã Phình Sáng', 91),
(1392, 'Xã Rạng Đông', 91),
(1393, 'Xã Mùn Chung', 91),
(1394, 'Xã Nà Tòng', 91),
(1395, 'Xã Ta Ma', 91),
(1396, 'Xã Mường Mùn', 91),
(1397, 'Xã Pú Xi', 91),
(1398, 'Xã Pú Nhung', 91),
(1399, 'Xã Quài Nưa', 91),
(1400, 'Xã Mường Thín', 91),
(1401, 'Xã Tỏa Tình', 91),
(1402, 'Xã Nà Sáy', 91),
(1403, 'Xã Mường Khong', 91),
(1404, 'Xã Quài Cang', 91),
(1405, 'Xã Quài Tở', 91),
(1406, 'Xã Chiềng Sinh', 91),
(1407, 'Xã Chiềng Đông', 91),
(1408, 'Xã Tênh Phông', 91),
(1409, 'Xã Mường Pồn', 92),
(1410, 'Xã Thanh Nưa', 92),
(1411, 'Xã Hua Thanh', 92),
(1412, 'Xã Thanh Luông', 92),
(1413, 'Xã Thanh Hưng', 92),
(1414, 'Xã Thanh Xương', 92),
(1415, 'Xã Thanh Chăn', 92),
(1416, 'Xã Pa Thơm', 92),
(1417, 'Xã Thanh An', 92),
(1418, 'Xã Thanh Yên', 92),
(1419, 'Xã Noong Luống', 92),
(1420, 'Xã Noọng Hẹt', 92),
(1421, 'Xã Sam Mứn', 92),
(1422, 'Xã Pom Lót', 92),
(1423, 'Xã Núa Ngam', 92),
(1424, 'Xã Hẹ Muông', 92),
(1425, 'Xã Na Ư', 92),
(1426, 'Xã Mường Nhà', 92),
(1427, 'Xã Na Tông', 92),
(1428, 'Xã Mường Lói', 92),
(1429, 'Xã Phu Luông', 92),
(1430, 'Thị trấn Điện Biên Đông', 93),
(1431, 'Xã Na Son', 93),
(1432, 'Xã Phì Nhừ', 93),
(1433, 'Xã Chiềng Sơ', 93),
(1434, 'Xã Mường Luân', 93),
(1435, 'Xã Pú Nhi', 93),
(1436, 'Xã Nong U', 93),
(1437, 'Xã Xa Dung', 93),
(1438, 'Xã Keo Lôm', 93),
(1439, 'Xã Luân Giới', 93),
(1440, 'Xã Phình Giàng', 93),
(1441, 'Xã Pú Hồng', 93),
(1442, 'Xã Tìa Dình', 93),
(1443, 'Xã Háng Lìa', 93),
(1444, 'Thị trấn Mường Ảng', 94),
(1445, 'Xã Mường Đăng', 94),
(1446, 'Xã Ngối Cáy', 94),
(1447, 'Xã Ẳng Tở', 94),
(1448, 'Xã Búng Lao', 94),
(1449, 'Xã Xuân Lao', 94),
(1450, 'Xã Ẳng Nưa', 94),
(1451, 'Xã Ẳng Cang', 94),
(1452, 'Xã Nặm Lịch', 94),
(1453, 'Xã Mường Lạn', 94),
(1454, 'Xã Nậm Tin', 95),
(1455, 'Xã Pa Tần', 95),
(1456, 'Xã Chà Cang', 95),
(1457, 'Xã Na Cô Sa', 95),
(1458, 'Xã Nà Khoa', 95),
(1459, 'Xã Nà Hỳ', 95),
(1460, 'Xã Nà Bủng', 95),
(1461, 'Xã Nậm Nhừ', 95),
(1462, 'Xã Nậm Chua', 95),
(1463, 'Xã Nậm Khăn', 95),
(1464, 'Xã Chà Tở', 95),
(1465, 'Xã Vàng Đán', 95),
(1466, 'Xã Chà Nưa', 95),
(1467, 'Xã Phìn Hồ', 95),
(1468, 'Xã Si Pa Phìn', 95),
(1469, 'Phường Quyết Thắng', 96),
(1470, 'Phường Tân Phong', 96),
(1471, 'Phường Quyết Tiến', 96),
(1472, 'Phường Đoàn Kết', 96),
(1473, 'Xã Sùng Phài', 96),
(1474, 'Phường Đông Phong', 96),
(1475, 'Xã San Thàng', 96),
(1476, 'Thị trấn Tam Đường', 97),
(1477, 'Xã Thèn Sin', 97),
(1478, 'Xã Tả Lèng', 97),
(1479, 'Xã Giang Ma', 97),
(1480, 'Xã Hồ Thầu', 97),
(1481, 'Xã Bình Lư', 97),
(1482, 'Xã Sơn Bình', 97),
(1483, 'Xã Nùng Nàng', 97),
(1484, 'Xã Bản Giang', 97),
(1485, 'Xã Bản Hon', 97),
(1486, 'Xã Bản Bo', 97),
(1487, 'Xã Nà Tăm', 97),
(1488, 'Xã Khun Há', 97),
(1489, 'Thị trấn Mường Tè', 98),
(1490, 'Xã Thu Lũm', 98),
(1491, 'Xã Ka Lăng', 98),
(1492, 'Xã Tá Bạ', 98),
(1493, 'Xã Pa ủ', 98),
(1494, 'Xã Mường Tè', 98),
(1495, 'Xã Pa Vệ Sử', 98),
(1496, 'Xã Mù Cả', 98),
(1497, 'Xã Bum Tở', 98),
(1498, 'Xã Nậm Khao', 98),
(1499, 'Xã Tà Tổng', 98),
(1500, 'Xã Bum Nưa', 98),
(1501, 'Xã Vàng San', 98),
(1502, 'Xã Kan Hồ', 98),
(1503, 'Thị trấn Sìn Hồ', 99),
(1504, 'Xã Chăn Nưa', 99),
(1505, 'Xã Pa Tần', 99),
(1506, 'Xã Phìn Hồ', 99),
(1507, 'Xã Hồng Thu', 99),
(1508, 'Xã Phăng Sô Lin', 99),
(1509, 'Xã Ma Quai', 99),
(1510, 'Xã Lùng Thàng', 99),
(1511, 'Xã Tả Phìn', 99),
(1512, 'Xã Sà Dề Phìn', 99),
(1513, 'Xã Nậm Tăm', 99),
(1514, 'Xã Tả Ngảo', 99),
(1515, 'Xã Pu Sam Cáp', 99),
(1516, 'Xã Nậm Cha', 99),
(1517, 'Xã Pa Khoá', 99),
(1518, 'Xã Làng Mô', 99),
(1519, 'Xã Noong Hẻo', 99),
(1520, 'Xã Nậm Mạ', 99),
(1521, 'Xã Căn Co', 99),
(1522, 'Xã Tủa Sín Chải', 99),
(1523, 'Xã Nậm Cuổi', 99),
(1524, 'Xã Nậm Hăn', 99),
(1525, 'Xã Lả Nhì Thàng', 100),
(1526, 'Xã Huổi Luông', 100),
(1527, 'Thị trấn Phong Thổ', 100),
(1528, 'Xã Sì Lở Lầu', 100),
(1529, 'Xã Mồ Sì San', 100),
(1530, 'Xã Pa Vây Sử', 100),
(1531, 'Xã Vàng Ma Chải', 100),
(1532, 'Xã Tông Qua Lìn', 100),
(1533, 'Xã Mù Sang', 100),
(1534, 'Xã Dào San', 100),
(1535, 'Xã Ma Ly Pho', 100),
(1536, 'Xã Bản Lang', 100),
(1537, 'Xã Hoang Thèn', 100),
(1538, 'Xã Khổng Lào', 100),
(1539, 'Xã Nậm Xe', 100),
(1540, 'Xã Mường So', 100),
(1541, 'Xã Sin Suối Hồ', 100),
(1542, 'Thị trấn Than Uyên', 101),
(1543, 'Xã Phúc Than', 101),
(1544, 'Xã Mường Than', 101),
(1545, 'Xã Mường Mít', 101),
(1546, 'Xã Pha Mu', 101),
(1547, 'Xã Mường Cang', 101),
(1548, 'Xã Hua Nà', 101),
(1549, 'Xã Tà Hừa', 101),
(1550, 'Xã Mường Kim', 101),
(1551, 'Xã Tà Mung', 101),
(1552, 'Xã Tà Gia', 101),
(1553, 'Xã Khoen On', 101),
(1554, 'Thị trấn Tân Uyên', 102),
(1555, 'Xã Mường Khoa', 102),
(1556, 'Xã Phúc Khoa', 102),
(1557, 'Xã Thân Thuộc', 102),
(1558, 'Xã Trung Đồng', 102),
(1559, 'Xã Hố Mít', 102),
(1560, 'Xã Nậm Cần', 102),
(1561, 'Xã Nậm Sỏ', 102),
(1562, 'Xã Pắc Ta', 102),
(1563, 'Xã Tà Mít', 102),
(1564, 'Thị trấn Nậm Nhùn', 103),
(1565, 'Xã Hua Bun', 103),
(1566, 'Xã Mường Mô', 103),
(1567, 'Xã Nậm Chà', 103),
(1568, 'Xã Nậm Manh', 103),
(1569, 'Xã Nậm Hàng', 103),
(1570, 'Xã Lê Lợi', 103),
(1571, 'Xã Pú Đao', 103),
(1572, 'Xã Nậm Pì', 103),
(1573, 'Xã Nậm Ban', 103),
(1574, 'Xã Trung Chải', 103),
(1575, 'Phường Chiềng Lề', 104),
(1576, 'Phường Tô Hiệu', 104),
(1577, 'Phường Quyết Thắng', 104),
(1578, 'Phường Quyết Tâm', 104),
(1579, 'Xã Chiềng Cọ', 104),
(1580, 'Xã Chiềng Đen', 104),
(1581, 'Xã Chiềng Xôm', 104),
(1582, 'Phường Chiềng An', 104),
(1583, 'Phường Chiềng Cơi', 104),
(1584, 'Xã Chiềng Ngần', 104),
(1585, 'Xã Hua La', 104),
(1586, 'Phường Chiềng Sinh', 104),
(1587, 'Xã Mường Chiên', 105),
(1588, 'Xã Cà Nàng', 105),
(1589, 'Xã Chiềng Khay', 105),
(1590, 'Xã Mường Giôn', 105),
(1591, 'Xã Pá Ma Pha Khinh', 105),
(1592, 'Xã Chiềng Ơn', 105),
(1593, 'Xã Mường Giàng', 105),
(1594, 'Xã Chiềng Bằng', 105),
(1595, 'Xã Mường Sại', 105),
(1596, 'Xã Nậm ét', 105),
(1597, 'Xã Chiềng Khoang', 105),
(1598, 'Thị trấn Thuận Châu', 106),
(1599, 'Xã Phổng Lái', 106),
(1600, 'Xã Mường é', 106),
(1601, 'Xã Chiềng Pha', 106),
(1602, 'Xã Chiềng La', 106),
(1603, 'Xã Chiềng Ngàm', 106),
(1604, 'Xã Liệp Tè', 106),
(1605, 'Xã é Tòng', 106),
(1606, 'Xã Phổng Lập', 106),
(1607, 'Xã Phổng Lăng', 106),
(1608, 'Xã Chiềng Ly', 106),
(1609, 'Xã Noong Lay', 106),
(1610, 'Xã Mường Khiêng', 106),
(1611, 'Xã Mường Bám', 106),
(1612, 'Xã Long Hẹ', 106),
(1613, 'Xã Chiềng Bôm', 106),
(1614, 'Xã Thôm Mòn', 106),
(1615, 'Xã Tông Lạnh', 106),
(1616, 'Xã Tông Cọ', 106),
(1617, 'Xã Bó Mười', 106),
(1618, 'Xã Co Mạ', 106),
(1619, 'Xã Púng Tra', 106),
(1620, 'Xã Chiềng Pấc', 106),
(1621, 'Xã Nậm Lầu', 106),
(1622, 'Xã Bon Phặng', 106),
(1623, 'Xã Co Tòng', 106),
(1624, 'Xã Muổi Nọi', 106),
(1625, 'Xã Pá Lông', 106),
(1626, 'Xã Bản Lầm', 106),
(1627, 'Thị trấn Ít Ong', 107),
(1628, 'Xã Nậm Giôn', 107),
(1629, 'Xã Chiềng Lao', 107),
(1630, 'Xã Hua Trai', 107),
(1631, 'Xã Ngọc Chiến', 107),
(1632, 'Xã Mường Trai', 107),
(1633, 'Xã Nậm Păm', 107),
(1634, 'Xã Chiềng Muôn', 107),
(1635, 'Xã Chiềng Ân', 107),
(1636, 'Xã Pi Toong', 107),
(1637, 'Xã Chiềng Công', 107),
(1638, 'Xã Tạ Bú', 107),
(1639, 'Xã Chiềng San', 107),
(1640, 'Xã Mường Bú', 107),
(1641, 'Xã Chiềng Hoa', 107),
(1642, 'Xã Mường Chùm', 107),
(1643, 'Thị trấn Bắc Yên', 108),
(1644, 'Xã Phiêng Ban', 108),
(1645, 'Xã Hang Chú', 108),
(1646, 'Xã Xím Vàng', 108),
(1647, 'Xã Tà Xùa', 108),
(1648, 'Xã Háng Đồng', 108),
(1649, 'Xã Pắc Ngà', 108),
(1650, 'Xã Làng Chếu', 108),
(1651, 'Xã Chim Vàn', 108),
(1652, 'Xã Mường Khoa', 108),
(1653, 'Xã Song Pe', 108),
(1654, 'Xã Hồng Ngài', 108),
(1655, 'Xã Tạ Khoa', 108),
(1656, 'Xã Hua Nhàn', 108),
(1657, 'Xã Phiêng Côn', 108),
(1658, 'Xã Chiềng Sại', 108),
(1659, 'Thị trấn Phù Yên', 108),
(1660, 'Xã Suối Tọ', 108),
(1661, 'Xã Mường Thải', 108),
(1662, 'Xã Mường Cơi', 108),
(1663, 'Xã Quang Huy', 108),
(1664, 'Xã Huy Bắc', 108),
(1665, 'Xã Huy Thượng', 108),
(1666, 'Xã Tân Lang', 108),
(1667, 'Xã Gia Phù', 108),
(1668, 'Xã Tường Phù', 108),
(1669, 'Xã Huy Hạ', 108),
(1670, 'Xã Huy Tân', 108),
(1671, 'Xã Mường Lang', 108),
(1672, 'Xã Suối Bau', 108),
(1673, 'Xã Huy Tường', 108),
(1674, 'Xã Mường Do', 108),
(1675, 'Xã Sập Xa', 108),
(1676, 'Xã Tường Thượng', 108),
(1677, 'Xã Tường Tiến', 108),
(1678, 'Xã Tường Phong', 108),
(1679, 'Xã Tường Hạ', 108),
(1680, 'Xã Kim Bon', 108),
(1681, 'Xã Mường Bang', 108),
(1682, 'Xã Đá Đỏ', 108),
(1683, 'Xã Tân Phong', 108),
(1684, 'Xã Nam Phong', 108),
(1685, 'Xã Bắc Phong', 108),
(1686, 'Thị trấn Mộc Châu', 109),
(1687, 'Thị trấn NT Mộc Châu', 109),
(1688, 'Xã Chiềng Sơn', 109),
(1689, 'Xã Tân Hợp', 109),
(1690, 'Xã Qui Hướng', 109),
(1691, 'Xã Tân Lập', 109),
(1692, 'Xã Nà Mường', 109),
(1693, 'Xã Tà Lai', 109),
(1694, 'Xã Chiềng Hắc', 109),
(1695, 'Xã Hua Păng', 109),
(1696, 'Xã Chiềng Khừa', 109),
(1697, 'Xã Mường Sang', 109),
(1698, 'Xã Đông Sang', 109),
(1699, 'Xã Phiêng Luông', 109),
(1700, 'Xã Lóng Sập', 109),
(1701, 'Thị trấn Yên Châu', 110),
(1702, 'Xã Chiềng Đông', 110),
(1703, 'Xã Sập Vạt', 110),
(1704, 'Xã Chiềng Sàng', 110),
(1705, 'Xã Chiềng Pằn', 110),
(1706, 'Xã Viêng Lán', 110),
(1707, 'Xã Chiềng Hặc', 110),
(1708, 'Xã Mường Lựm', 110),
(1709, 'Xã Chiềng On', 110),
(1710, 'Xã Yên Sơn', 110),
(1711, 'Xã Chiềng Khoi', 110),
(1712, 'Xã Tú Nang', 110),
(1713, 'Xã Lóng Phiêng', 110),
(1714, 'Xã Phiêng Khoài', 110),
(1715, 'Xã Chiềng Tương', 110),
(1716, 'Thị trấn Hát Lót', 111),
(1717, 'Xã Chiềng Sung', 111),
(1718, 'Xã Mường Bằng', 111),
(1719, 'Xã Chiềng Chăn', 111),
(1720, 'Xã Mương Chanh', 111),
(1721, 'Xã Chiềng Ban', 111),
(1722, 'Xã Chiềng Mung', 111),
(1723, 'Xã Mường Bon', 111),
(1724, 'Xã Chiềng Chung', 111),
(1725, 'Xã Chiềng Mai', 111),
(1726, 'Xã Hát Lót', 111),
(1727, 'Xã Nà Pó', 111),
(1728, 'Xã Cò  Nòi', 111),
(1729, 'Xã Chiềng Nơi', 111),
(1730, 'Xã Phiêng Cằm', 111),
(1731, 'Xã Chiềng Dong', 111),
(1732, 'Xã Chiềng Kheo', 111),
(1733, 'Xã Chiềng Ve', 111),
(1734, 'Xã Chiềng Lương', 111),
(1735, 'Xã Phiêng Pằn', 111),
(1736, 'Xã Nà Ơt', 111),
(1737, 'Xã Tà Hộc', 111),
(1738, 'Thị trấn Sông Mã', 112),
(1739, 'Xã Bó Sinh', 112),
(1740, 'Xã Pú Pẩu', 112),
(1741, 'Xã Chiềng Phung', 112),
(1742, 'Xã Chiềng En', 112),
(1743, 'Xã Mường Lầm', 112),
(1744, 'Xã Nậm Ty', 112),
(1745, 'Xã Đứa Mòn', 112),
(1746, 'Xã Yên Hưng', 112),
(1747, 'Xã Chiềng Sơ', 112),
(1748, 'Xã Nà Nghịu', 112),
(1749, 'Xã Nậm Mằn', 112),
(1750, 'Xã Chiềng Khoong', 112),
(1751, 'Xã Chiềng Cang', 112),
(1752, 'Xã Huổi Một', 112),
(1753, 'Xã Mường Sai', 112),
(1754, 'Xã Mường Cai', 112),
(1755, 'Xã Mường Hung', 112),
(1756, 'Xã Chiềng Khương', 112),
(1757, 'Xã Sam Kha', 113),
(1758, 'Xã Púng Bánh', 113),
(1759, 'Xã Sốp Cộp', 113),
(1760, 'Xã Dồm Cang', 113),
(1761, 'Xã Nậm Lạnh', 113),
(1762, 'Xã Mường Lèo', 113),
(1763, 'Xã Mường Và', 113),
(1764, 'Xã Mường Lạn', 113),
(1765, 'Xã Suối Bàng', 114),
(1766, 'Xã Song Khủa', 114),
(1767, 'Xã Liên Hoà', 114),
(1768, 'Xã Tô Múa', 114),
(1769, 'Xã Mường Tè', 114),
(1770, 'Xã Chiềng Khoa', 114),
(1771, 'Xã Mường Men', 114),
(1772, 'Xã Quang Minh', 114),
(1773, 'Xã Vân Hồ', 114),
(1774, 'Xã Lóng Luông', 114),
(1775, 'Xã Chiềng Yên', 114),
(1776, 'Xã Chiềng Xuân', 114),
(1777, 'Xã Xuân Nha', 114),
(1778, 'Xã Tân Xuân', 114),
(1779, 'Phường Yên Thịnh', 115),
(1780, 'Phường Yên Ninh', 115),
(1781, 'Phường Minh Tân', 115),
(1782, 'Phường Nguyễn Thái Học', 115),
(1783, 'Phường Đồng Tâm', 115),
(1784, 'Phường Nguyễn Phúc', 115),
(1785, 'Phường Hồng Hà', 115),
(1786, 'Xã Minh Bảo', 115),
(1787, 'Phường Nam Cường', 115),
(1788, 'Xã Tuy Lộc', 115),
(1789, 'Xã Tân Thịnh', 115),
(1790, 'Xã Âu Lâu', 115),
(1791, 'Xã Giới Phiên', 115),
(1792, 'Phường Hợp Minh', 115),
(1793, 'Xã Văn Phú', 115),
(1794, 'Phường Pú Trạng', 116),
(1795, 'Phường Trung Tâm', 116),
(1796, 'Phường Tân An', 116),
(1797, 'Phường Cầu Thia', 116),
(1798, 'Xã Nghĩa Lợi', 116),
(1799, 'Xã Nghĩa Phúc', 116),
(1800, 'Xã Nghĩa An', 116),
(1801, 'Xã Nghĩa Lộ', 116),
(1802, 'Xã Sơn A', 116),
(1803, 'Xã Phù Nham', 116),
(1804, 'Xã Thanh Lương', 116),
(1805, 'Xã Hạnh Sơn', 116),
(1806, 'Xã Phúc Sơn', 116),
(1807, 'Xã Thạch Lương', 116),
(1808, 'Thị trấn Yên Thế', 117),
(1809, 'Xã Tân Phượng', 117),
(1810, 'Xã Lâm Thượng', 117),
(1811, 'Xã Khánh Thiện', 117),
(1812, 'Xã Minh Chuẩn', 117),
(1813, 'Xã Mai Sơn', 117),
(1814, 'Xã Khai Trung', 117),
(1815, 'Xã Mường Lai', 117),
(1816, 'Xã An Lạc', 117),
(1817, 'Xã Minh Xuân', 117),
(1818, 'Xã Tô Mậu', 117),
(1819, 'Xã Tân Lĩnh', 117),
(1820, 'Xã Yên Thắng', 117),
(1821, 'Xã Khánh Hoà', 117),
(1822, 'Xã Vĩnh Lạc', 117),
(1823, 'Xã Liễu Đô', 117),
(1824, 'Xã Động Quan', 117),
(1825, 'Xã Tân Lập', 117),
(1826, 'Xã Minh Tiến', 117),
(1827, 'Xã Trúc Lâu', 117),
(1828, 'Xã Phúc Lợi', 117),
(1829, 'Xã Phan Thanh', 117),
(1830, 'Xã An Phú', 117),
(1831, 'Xã Trung Tâm', 117),
(1832, 'Thị trấn Mậu A', 118),
(1833, 'Xã Lang Thíp', 118),
(1834, 'Xã Lâm Giang', 118),
(1835, 'Xã Châu Quế Thượng', 118),
(1836, 'Xã Châu Quế Hạ', 118),
(1837, 'Xã An Bình', 118),
(1838, 'Xã Quang Minh', 118),
(1839, 'Xã Đông An', 118),
(1840, 'Xã Đông Cuông', 118),
(1841, 'Xã Phong Dụ Hạ', 118),
(1842, 'Xã Mậu Đông', 118),
(1843, 'Xã Ngòi A', 118),
(1844, 'Xã Xuân Tầm', 118),
(1845, 'Xã Tân Hợp', 118),
(1846, 'Xã An Thịnh', 118),
(1847, 'Xã Yên Thái', 118),
(1848, 'Xã Phong Dụ Thượng', 118),
(1849, 'Xã Yên Hợp', 118),
(1850, 'Xã Đại Sơn', 118),
(1851, 'Xã Đại Phác', 118),
(1852, 'Xã Yên Phú', 118),
(1853, 'Xã Xuân Ái', 118),
(1854, 'Xã Viễn Sơn', 118),
(1855, 'Xã Mỏ Vàng', 118),
(1856, 'Xã Nà Hẩu', 118),
(1857, 'Thị trấn Mù Căng Chải', 119),
(1858, 'Xã Hồ Bốn', 119),
(1859, 'Xã Nậm Có', 119),
(1860, 'Xã Khao Mang', 119),
(1861, 'Xã Mồ Dề', 119),
(1862, 'Xã Chế Cu Nha', 119),
(1863, 'Xã Lao Chải', 119),
(1864, 'Xã Kim Nọi', 119),
(1865, 'Xã Cao Phạ', 119),
(1866, 'Xã La Pán Tẩn', 119),
(1867, 'Xã Dế Su Phình', 119),
(1868, 'Xã Chế Tạo', 119),
(1869, 'Xã Púng Luông', 119),
(1870, 'Xã Nậm Khắt', 119),
(1871, 'Thị trấn Cổ Phúc', 120),
(1872, 'Xã Tân Đồng', 120),
(1873, 'Xã Báo Đáp', 120),
(1874, 'Xã Đào Thịnh', 120),
(1875, 'Xã Việt Thành', 120),
(1876, 'Xã Hòa Cuông', 120),
(1877, 'Xã Minh Quán', 120),
(1878, 'Xã Quy Mông', 120),
(1879, 'Xã Cường Thịnh', 120),
(1880, 'Xã Kiên Thành', 120),
(1881, 'Xã Nga Quán', 120),
(1882, 'Xã Y Can', 120),
(1883, 'Xã Lương Thịnh', 120),
(1884, 'Xã Bảo Hưng', 120),
(1885, 'Xã Việt Cường', 120),
(1886, 'Xã Minh Quân', 120),
(1887, 'Xã Hồng Ca', 120),
(1888, 'Xã Hưng Thịnh', 120),
(1889, 'Xã Hưng Khánh', 120),
(1890, 'Xã Việt Hồng', 120),
(1891, 'Xã Vân Hội', 120),
(1892, 'Thị trấn Trạm Tấu', 121),
(1893, 'Xã Túc Đán', 121),
(1894, 'Xã Pá Lau', 121),
(1895, 'Xã Xà Hồ', 121),
(1896, 'Xã Phình Hồ', 121),
(1897, 'Xã Trạm Tấu', 121),
(1898, 'Xã Tà Si Láng', 121),
(1899, 'Xã Pá Hu', 121),
(1900, 'Xã Làng Nhì', 121),
(1901, 'Xã Bản Công', 121),
(1902, 'Xã Bản Mù', 121),
(1903, 'Xã Hát Lìu', 121),
(1905, 'Thị trấn NT Liên Sơn', 122),
(1906, 'Thị trấn NT Trần Phú', 122),
(1907, 'Xã Tú Lệ', 122),
(1908, 'Xã Nậm Búng', 122),
(1909, 'Xã Gia Hội', 122),
(1910, 'Xã Sùng Đô', 122),
(1911, 'Xã Nậm Mười', 122),
(1912, 'Xã An Lương', 122),
(1913, 'Xã Nậm Lành', 122),
(1914, 'Xã Sơn Lương', 122),
(1915, 'Xã Suối Quyền', 122),
(1916, 'Xã Suối Giàng', 122),
(1917, 'Xã Nghĩa Sơn', 122),
(1918, 'Xã Suối Bu', 122),
(1919, 'Thị trấn Sơn Thịnh', 122),
(1920, 'Xã Đại Lịch', 122),
(1921, 'Xã Đồng Khê', 122),
(1922, 'Xã Cát Thịnh', 122),
(1923, 'Xã Tân Thịnh', 122),
(1924, 'Xã Chấn Thịnh', 122),
(1925, 'Xã Bình Thuận', 122),
(1926, 'Xã Thượng Bằng La', 122),
(1927, 'Xã Minh An', 122),
(1928, 'Xã Nghĩa Tâm', 122),
(1929, 'Thị trấn Thác Bà', 123),
(1930, 'Xã Xuân Long', 123),
(1931, 'Xã Cảm Nhân', 123);
INSERT INTO `xa` (`ma_xa`, `ten_xa`, `ma_huyen`) VALUES
(1932, 'Xã Ngọc Chấn', 123),
(1933, 'Xã Tân Nguyên', 123),
(1934, 'Xã Phúc Ninh', 123),
(1935, 'Xã Bảo Ái', 123),
(1936, 'Xã Mỹ Gia', 123),
(1937, 'Xã Xuân Lai', 123),
(1938, 'Xã Mông Sơn', 123),
(1939, 'Xã Cảm Ân', 123),
(1940, 'Xã Yên Thành', 123),
(1941, 'Xã Tân Hương', 123),
(1942, 'Xã Phúc An', 123),
(1943, 'Xã Bạch Hà', 123),
(1944, 'Xã Vũ Linh', 123),
(1945, 'Xã Đại Đồng', 123),
(1946, 'Xã Vĩnh Kiên', 123),
(1947, 'Xã Yên Bình', 123),
(1948, 'Xã Thịnh Hưng', 123),
(1949, 'Xã Hán Đà', 123),
(1950, 'Xã Phú Thịnh', 123),
(1951, 'Xã Đại Minh', 123),
(1952, 'Phường Thái Bình', 124),
(1953, 'Phường Tân Hòa', 124),
(1954, 'Phường Thịnh Lang', 124),
(1955, 'Phường Hữu Nghị', 124),
(1956, 'Phường Tân Thịnh', 124),
(1957, 'Phường Đồng Tiến', 124),
(1958, 'Phường Phương Lâm', 124),
(1959, 'Xã Yên Mông', 124),
(1960, 'Phường Quỳnh Lâm', 124),
(1961, 'Phường Dân Chủ', 124),
(1962, 'Xã Hòa Bình', 124),
(1963, 'Phường Thống Nhất', 124),
(1964, 'Phường Kỳ Sơn', 124),
(1965, 'Xã Thịnh Minh', 124),
(1966, 'Xã Hợp Thành', 124),
(1967, 'Xã Quang Tiến', 124),
(1968, 'Xã Mông Hóa', 124),
(1969, 'Phường Trung Minh', 124),
(1970, 'Xã Độc Lập', 124),
(1971, 'Thị trấn Đà Bắc', 125),
(1972, 'Xã Nánh Nghê', 125),
(1973, 'Xã Giáp Đắt', 125),
(1974, 'Xã Mường Chiềng', 125),
(1975, 'Xã Tân Pheo', 125),
(1976, 'Xã Đồng Chum', 125),
(1977, 'Xã Tân Minh', 125),
(1978, 'Xã Đoàn Kết', 125),
(1979, 'Xã Đồng Ruộng', 125),
(1980, 'Xã Tú Lý', 125),
(1981, 'Xã Trung Thành', 125),
(1982, 'Xã Yên Hòa', 125),
(1983, 'Xã Cao Sơn', 125),
(1984, 'Xã Toàn Sơn', 125),
(1985, 'Xã Hiền Lương', 125),
(1986, 'Xã Tiền Phong', 125),
(1987, 'Xã Vầy Nưa', 125),
(1988, 'Thị trấn Lương Sơn', 126),
(1989, 'Xã Lâm Sơn', 126),
(1990, 'Xã Hòa Sơn', 126),
(1991, 'Xã Tân Vinh', 126),
(1992, 'Xã Nhuận Trạch', 126),
(1993, 'Xã Cao Sơn', 126),
(1994, 'Xã Cư Yên', 126),
(1995, 'Xã Liên Sơn', 126),
(1996, 'Xã Cao Dương', 126),
(1997, 'Xã Thanh Sơn', 126),
(1998, 'Xã Thanh Cao', 126),
(1999, 'Thị trấn Bo', 127),
(2000, 'Xã Đú Sáng', 127),
(2001, 'Xã Hùng Sơn', 127),
(2002, 'Xã Bình Sơn', 127),
(2003, 'Xã Tú Sơn', 127),
(2004, 'Xã Vĩnh Tiến', 127),
(2005, 'Xã Đông Bắc', 127),
(2006, 'Xã Xuân Thủy', 127),
(2007, 'Xã Vĩnh Đồng', 127),
(2008, 'Xã Kim Lập', 127),
(2009, 'Xã Hợp Tiến', 127),
(2010, 'Xã Kim Bôi', 127),
(2011, 'Xã Nam Thượng', 127),
(2012, 'Xã Cuối Hạ', 127),
(2013, 'Xã Sào Báy', 127),
(2014, 'Xã Mi Hòa', 127),
(2015, 'Xã Nuông Dăm', 127),
(2016, 'Thị trấn Cao Phong', 128),
(2017, 'Xã Bình Thanh', 128),
(2018, 'Xã Thung Nai', 128),
(2019, 'Xã Bắc Phong', 128),
(2020, 'Xã Thu Phong', 128),
(2021, 'Xã Hợp Phong', 128),
(2022, 'Xã Tây Phong', 128),
(2023, 'Xã Dũng Phong', 128),
(2024, 'Xã Nam Phong', 128),
(2025, 'Xã Thạch Yên', 128),
(2026, 'Thị trấn Mãn Đức', 129),
(2027, 'Xã Suối Hoa', 129),
(2028, 'Xã Phú Vinh', 129),
(2029, 'Xã Phú Cường', 129),
(2030, 'Xã Mỹ Hòa', 129),
(2031, 'Xã Quyết Chiến', 129),
(2032, 'Xã Phong Phú', 129),
(2033, 'Xã Tử Nê', 129),
(2034, 'Xã Thanh Hối', 129),
(2035, 'Xã Ngọc Mỹ', 129),
(2036, 'Xã Đông Lai', 129),
(2037, 'Xã Vân Sơn', 129),
(2038, 'Xã Nhân Mỹ', 129),
(2039, 'Xã Lỗ Sơn', 129),
(2040, 'Xã Ngổ Luông', 129),
(2041, 'Xã Gia Mô', 129),
(2042, 'Xã Tân Thành', 130),
(2043, 'Thị trấn Mai Châu', 130),
(2044, 'Xã Sơn Thủy', 130),
(2045, 'Xã Pà Cò', 130),
(2046, 'Xã Hang Kia', 130),
(2047, 'Xã Đồng Tân', 130),
(2048, 'Xã Cun Pheo', 130),
(2049, 'Xã Bao La', 130),
(2050, 'Xã Tòng Đậu', 130),
(2051, 'Xã Nà Phòn', 130),
(2052, 'Xã Săm Khóe', 130),
(2053, 'Xã Chiềng Châu', 130),
(2054, 'Xã Mai Hạ', 130),
(2055, 'Xã Thành Sơn', 130),
(2056, 'Xã Mai Hịch', 130),
(2057, 'Xã Vạn Mai', 130),
(2058, 'Thị trấn Vụ Bản', 131),
(2059, 'Xã Quý Hòa', 131),
(2060, 'Xã Miền Đồi', 131),
(2061, 'Xã Mỹ Thành', 131),
(2062, 'Xã Tuân Đạo', 131),
(2063, 'Xã Văn Nghĩa', 131),
(2064, 'Xã Văn Sơn', 131),
(2065, 'Xã Tân Lập', 131),
(2066, 'Xã Nhân Nghĩa', 131),
(2067, 'Xã Thượng Cốc', 131),
(2068, 'Xã Quyết Thắng', 131),
(2069, 'Xã Xuất Hóa', 131),
(2070, 'Xã Yên Phú', 131),
(2071, 'Xã Bình Hẻm', 131),
(2072, 'Xã Định Cư', 131),
(2073, 'Xã Chí Đạo', 131),
(2074, 'Xã Ngọc Sơn', 131),
(2075, 'Xã Hương Nhượng', 131),
(2076, 'Xã Vũ Bình', 131),
(2077, 'Xã Tự Do', 131),
(2078, 'Xã Yên Nghiệp', 131),
(2079, 'Xã Tân Mỹ', 131),
(2080, 'Xã Ân Nghĩa', 131),
(2081, 'Xã Ngọc Lâu', 131),
(2082, 'Thị trấn Hàng Trạm', 132),
(2083, 'Xã Lạc Sỹ', 132),
(2084, 'Xã Lạc Lương', 132),
(2085, 'Xã Bảo Hiệu', 132),
(2086, 'Xã Đa Phúc', 132),
(2087, 'Xã Hữu Lợi', 132),
(2088, 'Xã Lạc Thịnh', 132),
(2089, 'Xã Đoàn Kết', 132),
(2090, 'Xã Phú Lai', 132),
(2091, 'Xã Yên Trị', 132),
(2092, 'Xã Ngọc Lương', 132),
(2093, 'Thị trấn Ba Hàng Đồi', 133),
(2094, 'Thị trấn Chi Nê', 133),
(2095, 'Xã Phú Nghĩa', 133),
(2096, 'Xã Phú Thành', 133),
(2097, 'Xã Hưng Thi', 133),
(2098, 'Xã Khoan Dụ', 133),
(2099, 'Xã Đồng Tâm', 133),
(2100, 'Xã Yên Bồng', 133),
(2101, 'Xã Thống Nhất', 133),
(2102, 'Xã An Bình', 133),
(2103, 'Phường Quán Triều', 134),
(2104, 'Phường Quang Vinh', 134),
(2105, 'Phường Túc Duyên', 134),
(2106, 'Phường Hoàng Văn Thụ', 134),
(2107, 'Phường Trưng Vương', 134),
(2108, 'Phường Quang Trung', 134),
(2109, 'Phường Phan Đình Phùng', 134),
(2110, 'Phường Tân Thịnh', 134),
(2111, 'Phường Thịnh Đán', 134),
(2112, 'Phường Đồng Quang', 134),
(2113, 'Phường Gia Sàng', 134),
(2114, 'Phường Tân Lập', 134),
(2115, 'Phường Cam Giá', 134),
(2116, 'Phường Phú Xá', 134),
(2117, 'Phường Hương Sơn', 134),
(2118, 'Phường Trung Thành', 134),
(2119, 'Phường Tân Thành', 134),
(2120, 'Phường Tân Long', 134),
(2121, 'Xã Phúc Hà', 134),
(2122, 'Xã Phúc Xuân', 134),
(2123, 'Xã Quyết Thắng', 134),
(2124, 'Xã Phúc Trìu', 134),
(2125, 'Xã Thịnh Đức', 134),
(2126, 'Phường Tích Lương', 134),
(2127, 'Xã Tân Cương', 134),
(2128, 'Xã Sơn Cẩm', 134),
(2129, 'Phường Chùa Hang', 134),
(2130, 'Xã Cao Ngạn', 134),
(2131, 'Xã Linh Sơn', 134),
(2132, 'Phường Đồng Bẩm', 134),
(2133, 'Xã Huống Thượng', 134),
(2134, 'Xã Đồng Liên', 134),
(2135, 'Phường Lương Sơn', 135),
(2136, 'Phường Châu Sơn', 135),
(2137, 'Phường Mỏ Chè', 135),
(2138, 'Phường Cải Đan', 135),
(2139, 'Phường Thắng Lợi', 135),
(2140, 'Phường Phố Cò', 135),
(2141, 'Xã Tân Quang', 135),
(2142, 'Phường Bách Quang', 135),
(2143, 'Xã Bình Sơn', 135),
(2144, 'Xã Bá Xuyên', 135),
(2145, 'Thị trấn Chợ Chu', 136),
(2146, 'Xã Linh Thông', 136),
(2147, 'Xã Lam Vỹ', 136),
(2148, 'Xã Quy Kỳ', 136),
(2149, 'Xã Tân Thịnh', 136),
(2150, 'Xã Kim Phượng', 136),
(2151, 'Xã Bảo Linh', 136),
(2152, 'Xã Phúc Chu', 136),
(2153, 'Xã Tân Dương', 136),
(2154, 'Xã Phượng Tiến', 136),
(2155, 'Xã Bảo Cường', 136),
(2156, 'Xã Đồng Thịnh', 136),
(2157, 'Xã Định Biên', 136),
(2158, 'Xã Thanh Định', 136),
(2159, 'Xã Trung Hội', 136),
(2160, 'Xã Trung Lương', 136),
(2161, 'Xã Bình Yên', 136),
(2162, 'Xã Điềm Mặc', 136),
(2163, 'Xã Phú Tiến', 136),
(2164, 'Xã Bộc Nhiêu', 136),
(2165, 'Xã Sơn Phú', 136),
(2166, 'Xã Phú Đình', 136),
(2167, 'Xã Bình Thành', 136),
(2168, 'Thị trấn Giang Tiên', 137),
(2169, 'Thị trấn Đu', 137),
(2170, 'Xã Yên Ninh', 137),
(2171, 'Xã Yên Trạch', 137),
(2172, 'Xã Yên Đổ', 137),
(2173, 'Xã Yên Lạc', 137),
(2174, 'Xã Ôn Lương', 137),
(2175, 'Xã Động Đạt', 137),
(2176, 'Xã Phủ Lý', 137),
(2177, 'Xã Phú Đô', 137),
(2178, 'Xã Hợp Thành', 137),
(2179, 'Xã Tức Tranh', 137),
(2180, 'Xã Phấn Mễ', 137),
(2181, 'Xã Vô Tranh', 137),
(2182, 'Xã Cổ Lũng', 137),
(2183, 'Thị trấn Sông Cầu', 138),
(2184, 'Thị trấn Trại Cau', 138),
(2185, 'Xã Văn Lăng', 138),
(2186, 'Xã Tân Long', 138),
(2187, 'Xã Hòa Bình', 138),
(2188, 'Xã Quang Sơn', 138),
(2189, 'Xã Minh Lập', 138),
(2190, 'Xã Văn Hán', 138),
(2191, 'Xã Hóa Trung', 138),
(2192, 'Xã Khe Mo', 138),
(2193, 'Xã Cây Thị', 138),
(2194, 'Xã Hóa Thượng', 138),
(2195, 'Xã Hợp Tiến', 138),
(2196, 'Xã Tân Lợi', 138),
(2197, 'Xã Nam Hòa', 138),
(2198, 'Thị trấn Đình Cả', 139),
(2199, 'Xã Sảng Mộc', 139),
(2200, 'Xã Nghinh Tường', 139),
(2201, 'Xã Thần Xa', 139),
(2202, 'Xã Vũ Chấn', 139),
(2203, 'Xã Thượng Nung', 139),
(2204, 'Xã Phú Thượng', 139),
(2205, 'Xã Cúc Đường', 139),
(2206, 'Xã La Hiên', 139),
(2207, 'Xã Lâu Thượng', 139),
(2208, 'Xã Tràng Xá', 139),
(2209, 'Xã Phương Giao', 139),
(2210, 'Xã Liên Minh', 139),
(2211, 'Xã Dân Tiến', 139),
(2212, 'Xã Bình Long', 139),
(2213, 'Thị trấn Hùng Sơn', 140),
(2214, 'Thị trấn Quân Chu', 140),
(2215, 'Xã Phúc Lương', 140),
(2216, 'Xã Minh Tiến', 140),
(2217, 'Xã Yên Lãng', 140),
(2218, 'Xã Đức Lương', 140),
(2219, 'Xã Phú Cường', 140),
(2220, 'Xã Na Mao', 140),
(2221, 'Xã Phú Lạc', 140),
(2222, 'Xã Tân Linh', 140),
(2223, 'Xã Phú Thịnh', 140),
(2224, 'Xã Phục Linh', 140),
(2225, 'Xã Phú Xuyên', 140),
(2226, 'Xã Bản Ngoại', 140),
(2227, 'Xã Tiên Hội', 140),
(2228, 'Xã Cù Vân', 140),
(2229, 'Xã Hà Thượng', 140),
(2230, 'Xã La Bằng', 140),
(2231, 'Xã Hoàng Nông', 140),
(2232, 'Xã Khôi Kỳ', 140),
(2233, 'Xã An Khánh', 140),
(2234, 'Xã Tân Thái', 140),
(2235, 'Xã Bình Thuận', 140),
(2236, 'Xã Lục Ba', 140),
(2237, 'Xã Mỹ Yên', 140),
(2238, 'Xã Vạn Thọ', 140),
(2239, 'Xã Văn Yên', 140),
(2240, 'Xã Ký Phú', 140),
(2241, 'Xã Cát Nê', 140),
(2242, 'Xã Quân Chu', 140),
(2243, 'Phường Bãi Bông', 141),
(2244, 'Phường Bắc Sơn', 141),
(2245, 'Phường Ba Hàng', 141),
(2246, 'Xã Phúc Tân', 141),
(2247, 'Xã Phúc Thuận', 141),
(2248, 'Xã Hồng Tiến', 141),
(2249, 'Xã Minh Đức', 141),
(2250, 'Xã Đắc Sơn', 141),
(2251, 'Phường Đồng Tiến', 141),
(2252, 'Xã Thành Công', 141),
(2253, 'Xã Tiên Phong', 141),
(2254, 'Xã Vạn Phái', 141),
(2255, 'Xã Nam Tiến', 141),
(2256, 'Xã Tân Hương', 141),
(2257, 'Xã Đông Cao', 141),
(2258, 'Xã Trung Thành', 141),
(2259, 'Xã Tân Phú', 141),
(2260, 'Xã Thuận Thành', 141),
(2261, 'Thị trấn Hương Sơn', 142),
(2262, 'Xã Bàn Đạt', 142),
(2263, 'Xã Tân Khánh', 142),
(2264, 'Xã Tân Kim', 142),
(2265, 'Xã Tân Thành', 142),
(2266, 'Xã Đào Xá', 142),
(2267, 'Xã Bảo Lý', 142),
(2268, 'Xã Thượng Đình', 142),
(2269, 'Xã Tân Hòa', 142),
(2270, 'Xã Nhã Lộng', 142),
(2271, 'Xã Điềm Thụy', 142),
(2272, 'Xã Xuân Phương', 142),
(2273, 'Xã Tân Đức', 142),
(2274, 'Xã Úc Kỳ', 142),
(2275, 'Xã Lương Phú', 142),
(2276, 'Xã Nga My', 142),
(2277, 'Xã Kha Sơn', 142),
(2278, 'Xã Thanh Ninh', 142),
(2279, 'Xã Dương Thành', 142),
(2280, 'Xã Hà Châu', 142),
(2281, 'Phường Hoàng Văn Thụ', 143),
(2282, 'Phường Tam Thanh', 143),
(2283, 'Phường Vĩnh Trại', 143),
(2284, 'Phường Đông Kinh', 143),
(2285, 'Xã Hoàng Đồng', 143),
(2286, 'Xã Quảng Lạc', 143),
(2287, 'Xã Mai Pha', 143),
(2288, 'Thị trấn Thất Khê', 144),
(2289, 'Xã Khánh Long', 144),
(2290, 'Xã Đoàn Kết', 144),
(2291, 'Xã Quốc Khánh', 144),
(2292, 'Xã Vĩnh Tiến', 144),
(2293, 'Xã Cao Minh', 144),
(2294, 'Xã Chí Minh', 144),
(2295, 'Xã Tri Phương', 144),
(2296, 'Xã Tân Tiến', 144),
(2297, 'Xã Tân Yên', 144),
(2298, 'Xã Đội Cấn', 144),
(2299, 'Xã Tân Minh', 144),
(2300, 'Xã Kim Đồng', 144),
(2301, 'Xã Chi Lăng', 144),
(2302, 'Xã Trung Thành', 144),
(2303, 'Xã Đại Đồng', 144),
(2304, 'Xã Đào Viên', 144),
(2305, 'Xã Đề Thám', 144),
(2306, 'Xã Kháng Chiến', 144),
(2307, 'Xã Hùng Sơn', 144),
(2308, 'Xã Quốc Việt', 144),
(2309, 'Xã Hùng Việt', 144);

-- --------------------------------------------------------

--
-- Table structure for table `xuatxu`
--

CREATE TABLE `xuatxu` (
  `ma_xuatxu` int(11) NOT NULL,
  `ten_xuatxu` varchar(100) COLLATE utf8mb4_unicode_ci NOT NULL
) ENGINE=InnoDB DEFAULT CHARSET=utf8mb4 COLLATE=utf8mb4_unicode_ci;

--
-- Dumping data for table `xuatxu`
--

INSERT INTO `xuatxu` (`ma_xuatxu`, `ten_xuatxu`) VALUES
(13, 'Pháp'),
(14, 'Đức'),
(18, 'Thái Lan'),
(22, 'Mỹ'),
(23, 'Việt Nam');

--
-- Indexes for dumped tables
--

--
-- Indexes for table `admin`
--
ALTER TABLE `admin`
  ADD PRIMARY KEY (`ma_admin`);

--
-- Indexes for table `binhluan`
--
ALTER TABLE `binhluan`
  ADD PRIMARY KEY (`ma_binhluan`);

--
-- Indexes for table `bosuutap`
--
ALTER TABLE `bosuutap`
  ADD PRIMARY KEY (`ma_bosuutap`);

--
-- Indexes for table `combo`
--
ALTER TABLE `combo`
  ADD PRIMARY KEY (`ma_combo`);

--
-- Indexes for table `danhmuc_combo`
--
ALTER TABLE `danhmuc_combo`
  ADD PRIMARY KEY (`ma_danhmuc_combo`);

--
-- Indexes for table `danhmuc_sanpham`
--
ALTER TABLE `danhmuc_sanpham`
  ADD PRIMARY KEY (`ma_danhmuc`);

--
-- Indexes for table `donhang`
--
ALTER TABLE `donhang`
  ADD PRIMARY KEY (`ma_donhang`);

--
-- Indexes for table `giohang`
--
ALTER TABLE `giohang`
  ADD PRIMARY KEY (`ma_giohang`);

--
-- Indexes for table `hinhanh_combo`
--
ALTER TABLE `hinhanh_combo`
  ADD PRIMARY KEY (`ma_hinhanh_combo`);

--
-- Indexes for table `hinhanh_sanpham`
--
ALTER TABLE `hinhanh_sanpham`
  ADD PRIMARY KEY (`ma_hinhanh`);

--
-- Indexes for table `huyen`
--
ALTER TABLE `huyen`
  ADD PRIMARY KEY (`ma_huyen`);

--
-- Indexes for table `luotxem`
--
ALTER TABLE `luotxem`
  ADD PRIMARY KEY (`ma_luotxem`);

--
-- Indexes for table `nguoidung`
--
ALTER TABLE `nguoidung`
  ADD PRIMARY KEY (`ma_nguoidung`);

--
-- Indexes for table `phong`
--
ALTER TABLE `phong`
  ADD PRIMARY KEY (`ma_phong`);

--
-- Indexes for table `sanpham`
--
ALTER TABLE `sanpham`
  ADD PRIMARY KEY (`ma_sanpham`);

--
-- Indexes for table `thongke`
--
ALTER TABLE `thongke`
  ADD PRIMARY KEY (`ma_thongke`);

--
-- Indexes for table `tinh`
--
ALTER TABLE `tinh`
  ADD PRIMARY KEY (`ma_tinh`);

--
-- Indexes for table `xa`
--
ALTER TABLE `xa`
  ADD PRIMARY KEY (`ma_xa`);

--
-- Indexes for table `xuatxu`
--
ALTER TABLE `xuatxu`
  ADD PRIMARY KEY (`ma_xuatxu`);

--
-- AUTO_INCREMENT for dumped tables
--

--
-- AUTO_INCREMENT for table `admin`
--
ALTER TABLE `admin`
  MODIFY `ma_admin` int(11) NOT NULL AUTO_INCREMENT, AUTO_INCREMENT=2;

--
-- AUTO_INCREMENT for table `binhluan`
--
ALTER TABLE `binhluan`
  MODIFY `ma_binhluan` int(11) NOT NULL AUTO_INCREMENT, AUTO_INCREMENT=33;

--
-- AUTO_INCREMENT for table `bosuutap`
--
ALTER TABLE `bosuutap`
  MODIFY `ma_bosuutap` int(11) NOT NULL AUTO_INCREMENT, AUTO_INCREMENT=43;

--
-- AUTO_INCREMENT for table `combo`
--
ALTER TABLE `combo`
  MODIFY `ma_combo` int(11) NOT NULL AUTO_INCREMENT, AUTO_INCREMENT=16;

--
-- AUTO_INCREMENT for table `danhmuc_combo`
--
ALTER TABLE `danhmuc_combo`
  MODIFY `ma_danhmuc_combo` int(11) NOT NULL AUTO_INCREMENT, AUTO_INCREMENT=9;

--
-- AUTO_INCREMENT for table `danhmuc_sanpham`
--
ALTER TABLE `danhmuc_sanpham`
  MODIFY `ma_danhmuc` int(11) NOT NULL AUTO_INCREMENT, AUTO_INCREMENT=320;

--
-- AUTO_INCREMENT for table `donhang`
--
ALTER TABLE `donhang`
  MODIFY `ma_donhang` int(11) NOT NULL AUTO_INCREMENT, AUTO_INCREMENT=159;

--
-- AUTO_INCREMENT for table `giohang`
--
ALTER TABLE `giohang`
  MODIFY `ma_giohang` int(11) NOT NULL AUTO_INCREMENT, AUTO_INCREMENT=284;

--
-- AUTO_INCREMENT for table `hinhanh_combo`
--
ALTER TABLE `hinhanh_combo`
  MODIFY `ma_hinhanh_combo` int(11) NOT NULL AUTO_INCREMENT, AUTO_INCREMENT=23;

--
-- AUTO_INCREMENT for table `hinhanh_sanpham`
--
ALTER TABLE `hinhanh_sanpham`
  MODIFY `ma_hinhanh` int(11) NOT NULL AUTO_INCREMENT, AUTO_INCREMENT=134;

--
-- AUTO_INCREMENT for table `huyen`
--
ALTER TABLE `huyen`
  MODIFY `ma_huyen` int(11) NOT NULL AUTO_INCREMENT, AUTO_INCREMENT=145;

--
-- AUTO_INCREMENT for table `luotxem`
--
ALTER TABLE `luotxem`
  MODIFY `ma_luotxem` int(11) NOT NULL AUTO_INCREMENT, AUTO_INCREMENT=19;

--
-- AUTO_INCREMENT for table `nguoidung`
--
ALTER TABLE `nguoidung`
  MODIFY `ma_nguoidung` int(11) NOT NULL AUTO_INCREMENT, AUTO_INCREMENT=12;

--
-- AUTO_INCREMENT for table `phong`
--
ALTER TABLE `phong`
  MODIFY `ma_phong` int(11) NOT NULL AUTO_INCREMENT, AUTO_INCREMENT=19;

--
-- AUTO_INCREMENT for table `sanpham`
--
ALTER TABLE `sanpham`
  MODIFY `ma_sanpham` int(11) NOT NULL AUTO_INCREMENT, AUTO_INCREMENT=47;

--
-- AUTO_INCREMENT for table `thongke`
--
ALTER TABLE `thongke`
  MODIFY `ma_thongke` int(11) NOT NULL AUTO_INCREMENT, AUTO_INCREMENT=73;

--
-- AUTO_INCREMENT for table `tinh`
--
ALTER TABLE `tinh`
  MODIFY `ma_tinh` int(11) NOT NULL AUTO_INCREMENT, AUTO_INCREMENT=21;

--
-- AUTO_INCREMENT for table `xa`
--
ALTER TABLE `xa`
  MODIFY `ma_xa` int(11) NOT NULL AUTO_INCREMENT, AUTO_INCREMENT=2310;

--
-- AUTO_INCREMENT for table `xuatxu`
--
ALTER TABLE `xuatxu`
  MODIFY `ma_xuatxu` int(11) NOT NULL AUTO_INCREMENT, AUTO_INCREMENT=24;
COMMIT;

/*!40101 SET CHARACTER_SET_CLIENT=@OLD_CHARACTER_SET_CLIENT */;
/*!40101 SET CHARACTER_SET_RESULTS=@OLD_CHARACTER_SET_RESULTS */;
/*!40101 SET COLLATION_CONNECTION=@OLD_COLLATION_CONNECTION */;
